"adm_0_name","adm_1_name","adm_2_name","full_name","ISO_A0","FAO_GAUL_code","RNE_iso_code","IBGE_code","calendar_start_date","calendar_end_date","Year","dengue_total","case_definition_standardised","S_res","T_res","UUID"
"PHILIPPINES",NA,NA,"PHILIPPINES","PHL",196,"PHL",NA,"1955-01-01","1955-12-31",1955,96,"Total","Admin0","Year","TYCHO-ALL-19242017-SV_DF01-00"
"PHILIPPINES",NA,NA,"PHILIPPINES","PHL",196,"PHL",NA,"1956-01-01","1956-12-31",1956,1207,"Total","Admin0","Year","TYCHO-ALL-19242017-SV_DF01-00"
"PHILIPPINES",NA,NA,"PHILIPPINES","PHL",196,"PHL",NA,"1957-01-01","1957-12-31",1957,152,"Total","Admin0","Year","TYCHO-ALL-19242017-SV_DF01-00"
"PHILIPPINES",NA,NA,"PHILIPPINES","PHL",196,"PHL",NA,"1958-01-01","1958-12-31",1958,94,"Total","Admin0","Year","TYCHO-ALL-19242017-SV_DF01-00"
"PHILIPPINES",NA,NA,"PHILIPPINES","PHL",196,"PHL",NA,"1959-01-01","1959-12-31",1959,125,"Total","Admin0","Year","TYCHO-ALL-19242017-SV_DF01-00"
"PHILIPPINES",NA,NA,"PHILIPPINES","PHL",196,"PHL",NA,"1960-01-01","1960-12-31",1960,551,"Total","Admin0","Year","TYCHO-ALL-19242017-SV_DF01-00"
"PHILIPPINES",NA,NA,"PHILIPPINES","PHL",196,"PHL",NA,"1961-01-01","1961-12-31",1961,1459,"Total","Admin0","Year","TYCHO-ALL-19242017-SV_DF01-00"
"PHILIPPINES",NA,NA,"PHILIPPINES","PHL",196,"PHL",NA,"1962-01-01","1962-12-31",1962,134,"Total","Admin0","Year","TYCHO-ALL-19242017-SV_DF01-00"
"PHILIPPINES",NA,NA,"PHILIPPINES","PHL",196,"PHL",NA,"1963-01-01","1963-12-31",1963,189,"Total","Admin0","Year","TYCHO-ALL-19242017-SV_DF01-00"
"PHILIPPINES",NA,NA,"PHILIPPINES","PHL",196,"PHL",NA,"1964-01-01","1964-12-31",1964,759,"Total","Admin0","Year","TYCHO-ALL-19242017-SV_DF01-00"
"PHILIPPINES",NA,NA,"PHILIPPINES","PHL",196,"PHL",NA,"1965-01-01","1965-12-31",1965,652,"Total","Admin0","Year","TYCHO-ALL-19242017-SV_DF01-00"
"PHILIPPINES",NA,NA,"PHILIPPINES","PHL",196,"PHL",NA,"1966-01-01","1966-12-31",1966,9384,"Total","Admin0","Year","TYCHO-ALL-19242017-SV_DF01-00"
"PHILIPPINES",NA,NA,"PHILIPPINES","PHL",196,"PHL",NA,"1967-01-01","1967-12-31",1967,1371,"Total","Admin0","Year","TYCHO-ALL-19242017-SV_DF01-00"
"PHILIPPINES",NA,NA,"PHILIPPINES","PHL",196,"PHL",NA,"1968-01-01","1968-12-31",1968,1116,"Total","Admin0","Year","TYCHO-ALL-19242017-SV_DF01-00"
"PHILIPPINES",NA,NA,"PHILIPPINES","PHL",196,"PHL",NA,"1969-01-01","1969-12-31",1969,1336,"Total","Admin0","Year","TYCHO-ALL-19242017-SV_DF01-00"
"PHILIPPINES",NA,NA,"PHILIPPINES","PHL",196,"PHL",NA,"1970-01-01","1970-12-31",1970,922,"Total","Admin0","Year","TYCHO-ALL-19242017-SV_DF01-00"
"PHILIPPINES",NA,NA,"PHILIPPINES","PHL",196,"PHL",NA,"1971-01-01","1971-12-31",1971,438,"Total","Admin0","Year","TYCHO-ALL-19242017-SV_DF01-00"
"PHILIPPINES",NA,NA,"PHILIPPINES","PHL",196,"PHL",NA,"1972-01-01","1972-12-31",1972,1570,"Total","Admin0","Year","TYCHO-ALL-19242017-SV_DF01-00"
"PHILIPPINES",NA,NA,"PHILIPPINES","PHL",196,"PHL",NA,"1973-01-01","1973-12-31",1973,710,"Total","Admin0","Year","TYCHO-ALL-19242017-SV_DF01-00"
"PHILIPPINES",NA,NA,"PHILIPPINES","PHL",196,"PHL",NA,"1974-01-01","1974-12-31",1974,1665,"Total","Admin0","Year","TYCHO-ALL-19242017-SV_DF01-00"
"PHILIPPINES",NA,NA,"PHILIPPINES","PHL",196,"PHL",NA,"1975-01-01","1975-12-31",1975,603,"Total","Admin0","Year","TYCHO-ALL-19242017-SV_DF01-00"
"PHILIPPINES",NA,NA,"PHILIPPINES","PHL",196,"PHL",NA,"1976-01-01","1976-12-31",1976,460,"Total","Admin0","Year","TYCHO-ALL-19242017-SV_DF01-00"
"PHILIPPINES",NA,NA,"PHILIPPINES","PHL",196,"PHL",NA,"1977-01-01","1977-12-31",1977,376,"Total","Admin0","Year","TYCHO-ALL-19242017-SV_DF01-00"
"PHILIPPINES",NA,NA,"PHILIPPINES","PHL",196,"PHL",NA,"1979-01-01","1979-12-31",1979,392,"Total","Admin0","Year","TYCHO-ALL-19242017-SV_DF01-00"
"PHILIPPINES",NA,NA,"PHILIPPINES","PHL",196,"PHL",NA,"1980-01-01","1980-12-31",1980,968,"Total","Admin0","Year","TYCHO-ALL-19242017-SV_DF01-00"
"PHILIPPINES",NA,NA,"PHILIPPINES","PHL",196,"PHL",NA,"1981-01-01","1981-12-31",1981,123,"Total","Admin0","Year","TYCHO-ALL-19242017-SV_DF01-00"
"PHILIPPINES",NA,NA,"PHILIPPINES","PHL",196,"PHL",NA,"1982-01-01","1982-12-31",1982,305,"Total","Admin0","Year","TYCHO-ALL-19242017-SV_DF01-00"
"PHILIPPINES",NA,NA,"PHILIPPINES","PHL",196,"PHL",NA,"1983-01-01","1983-12-31",1983,1684,"Total","Admin0","Year","TYCHO-ALL-19242017-SV_DF01-00"
"PHILIPPINES",NA,NA,"PHILIPPINES","PHL",196,"PHL",NA,"1984-01-01","1984-12-31",1984,2545,"Total","Admin0","Year","TYCHO-ALL-19242017-SV_DF01-00"
"PHILIPPINES",NA,NA,"PHILIPPINES","PHL",196,"PHL",NA,"1986-01-01","1986-12-31",1986,839,"Total","Admin0","Year","TYCHO-ALL-19242017-SV_DF01-00"
"PHILIPPINES",NA,NA,"PHILIPPINES","PHL",196,"PHL",NA,"1987-01-01","1987-12-31",1987,859,"Total","Admin0","Year","TYCHO-ALL-19242017-SV_DF01-00"
"PHILIPPINES",NA,NA,"PHILIPPINES","PHL",196,"PHL",NA,"1988-01-01","1988-12-31",1988,2922,"Total","Admin0","Year","TYCHO-ALL-19242017-SV_DF01-00"
"PHILIPPINES",NA,NA,"PHILIPPINES","PHL",196,"PHL",NA,"1989-01-01","1989-12-31",1989,305,"Total","Admin0","Year","TYCHO-ALL-19242017-SV_DF01-00"
"PHILIPPINES",NA,NA,"PHILIPPINES","PHL",196,"PHL",NA,"1990-01-01","1990-12-31",1990,588,"Total","Admin0","Year","TYCHO-ALL-19242017-SV_DF01-00"
"PHILIPPINES",NA,NA,"PHILIPPINES","PHL",196,"PHL",NA,"1991-01-01","1991-12-31",1991,11317,"Total","Admin0","Year","TYCHO-ALL-19242017-SV_DF01-00"
"PHILIPPINES",NA,NA,"PHILIPPINES","PHL",196,"PHL",NA,"1992-01-01","1992-12-31",1992,9108,"Total","Admin0","Year","TYCHO-ALL-19242017-SV_DF01-00"
"PHILIPPINES",NA,NA,"PHILIPPINES","PHL",196,"PHL",NA,"1993-01-01","1993-12-31",1993,5448,"Total","Admin0","Year","TYCHO-ALL-19242017-SV_DF01-00"
"PHILIPPINES",NA,NA,"PHILIPPINES","PHL",196,"PHL",NA,"1994-01-01","1994-12-31",1994,5603,"Total","Admin0","Year","TYCHO-ALL-19242017-SV_DF01-00"
"PHILIPPINES",NA,NA,"PHILIPPINES","PHL",196,"PHL",NA,"1995-01-01","1995-12-31",1995,5166,"Total","Admin0","Year","TYCHO-ALL-19242017-SV_DF01-00"
"PHILIPPINES",NA,NA,"PHILIPPINES","PHL",196,"PHL",NA,"1996-01-01","1996-12-31",1996,14649,"Total","Admin0","Year","TYCHO-ALL-19242017-SV_DF01-00"
"PHILIPPINES",NA,NA,"PHILIPPINES","PHL",196,"PHL",NA,"1997-01-01","1997-12-31",1997,12811,"Total","Admin0","Year","TYCHO-ALL-19242017-SV_DF01-00"
"PHILIPPINES",NA,NA,"PHILIPPINES","PHL",196,"PHL",NA,"1998-01-01","1998-12-31",1998,35648,"Total","Admin0","Year","TYCHO-ALL-19242017-SV_DF01-00"
"PHILIPPINES",NA,NA,"PHILIPPINES","PHL",196,"PHL",NA,"1999-01-01","1999-12-31",1999,9406,"Total","Admin0","Year","TYCHO-ALL-19242017-SV_DF01-00"
"PHILIPPINES",NA,NA,"PHILIPPINES","PHL",196,"PHL",NA,"2000-01-01","2000-01-31",2000,100,"Total","Admin0","Month","TYCHO-ALL-19242017-SV_DF01-00"
"PHILIPPINES",NA,NA,"PHILIPPINES","PHL",196,"PHL",NA,"2000-01-01","2000-12-31",2000,6614,"Total","Admin0","Year","MOH-PHL-2000-Y01-00"
"PHILIPPINES",NA,NA,"PHILIPPINES","PHL",196,"PHL",NA,"2000-02-01","2000-02-29",2000,57,"Total","Admin0","Month","TYCHO-ALL-19242017-SV_DF01-00"
"PHILIPPINES",NA,NA,"PHILIPPINES","PHL",196,"PHL",NA,"2000-03-01","2000-03-31",2000,57,"Total","Admin0","Month","TYCHO-ALL-19242017-SV_DF01-00"
"PHILIPPINES",NA,NA,"PHILIPPINES","PHL",196,"PHL",NA,"2000-04-01","2000-04-30",2000,45,"Total","Admin0","Month","TYCHO-ALL-19242017-SV_DF01-00"
"PHILIPPINES",NA,NA,"PHILIPPINES","PHL",196,"PHL",NA,"2000-05-01","2000-05-31",2000,73,"Total","Admin0","Month","TYCHO-ALL-19242017-SV_DF01-00"
"PHILIPPINES",NA,NA,"PHILIPPINES","PHL",196,"PHL",NA,"2000-06-01","2000-06-30",2000,119,"Total","Admin0","Month","TYCHO-ALL-19242017-SV_DF01-00"
"PHILIPPINES",NA,NA,"PHILIPPINES","PHL",196,"PHL",NA,"2000-07-01","2000-07-31",2000,251,"Total","Admin0","Month","TYCHO-ALL-19242017-SV_DF01-00"
"PHILIPPINES",NA,NA,"PHILIPPINES","PHL",196,"PHL",NA,"2000-08-01","2000-08-31",2000,420,"Total","Admin0","Month","TYCHO-ALL-19242017-SV_DF01-00"
"PHILIPPINES",NA,NA,"PHILIPPINES","PHL",196,"PHL",NA,"2000-09-01","2000-09-30",2000,353,"Total","Admin0","Month","TYCHO-ALL-19242017-SV_DF01-00"
"PHILIPPINES",NA,NA,"PHILIPPINES","PHL",196,"PHL",NA,"2000-10-01","2000-10-31",2000,291,"Total","Admin0","Month","TYCHO-ALL-19242017-SV_DF01-00"
"PHILIPPINES",NA,NA,"PHILIPPINES","PHL",196,"PHL",NA,"2000-11-01","2000-11-30",2000,251,"Total","Admin0","Month","TYCHO-ALL-19242017-SV_DF01-00"
"PHILIPPINES",NA,NA,"PHILIPPINES","PHL",196,"PHL",NA,"2000-12-01","2000-12-31",2000,204,"Total","Admin0","Month","TYCHO-ALL-19242017-SV_DF01-00"
"PHILIPPINES",NA,NA,"PHILIPPINES","PHL",196,"PHL",NA,"2001-01-01","2001-01-31",2001,282,"Total","Admin0","Month","TYCHO-ALL-19242017-SV_DF01-00"
"PHILIPPINES",NA,NA,"PHILIPPINES","PHL",196,"PHL",NA,"2001-01-01","2001-12-31",2001,23235,"Total","Admin0","Year","MOH-PHL-2001-Y01-01"
"PHILIPPINES",NA,NA,"PHILIPPINES","PHL",196,"PHL",NA,"2001-02-01","2001-02-28",2001,219,"Total","Admin0","Month","TYCHO-ALL-19242017-SV_DF01-00"
"PHILIPPINES",NA,NA,"PHILIPPINES","PHL",196,"PHL",NA,"2001-03-01","2001-03-31",2001,150,"Total","Admin0","Month","TYCHO-ALL-19242017-SV_DF01-00"
"PHILIPPINES",NA,NA,"PHILIPPINES","PHL",196,"PHL",NA,"2001-04-01","2001-04-30",2001,148,"Total","Admin0","Month","TYCHO-ALL-19242017-SV_DF01-00"
"PHILIPPINES",NA,NA,"PHILIPPINES","PHL",196,"PHL",NA,"2001-05-01","2001-05-31",2001,153,"Total","Admin0","Month","TYCHO-ALL-19242017-SV_DF01-00"
"PHILIPPINES",NA,NA,"PHILIPPINES","PHL",196,"PHL",NA,"2001-06-01","2001-06-30",2001,274,"Total","Admin0","Month","TYCHO-ALL-19242017-SV_DF01-00"
"PHILIPPINES",NA,NA,"PHILIPPINES","PHL",196,"PHL",NA,"2001-07-01","2001-07-31",2001,721,"Total","Admin0","Month","TYCHO-ALL-19242017-SV_DF01-00"
"PHILIPPINES",NA,NA,"PHILIPPINES","PHL",196,"PHL",NA,"2001-08-01","2001-08-31",2001,830,"Total","Admin0","Month","TYCHO-ALL-19242017-SV_DF01-00"
"PHILIPPINES",NA,NA,"PHILIPPINES","PHL",196,"PHL",NA,"2001-09-01","2001-09-30",2001,599,"Total","Admin0","Month","TYCHO-ALL-19242017-SV_DF01-00"
"PHILIPPINES",NA,NA,"PHILIPPINES","PHL",196,"PHL",NA,"2001-10-01","2001-10-31",2001,343,"Total","Admin0","Month","TYCHO-ALL-19242017-SV_DF01-00"
"PHILIPPINES",NA,NA,"PHILIPPINES","PHL",196,"PHL",NA,"2001-11-01","2001-11-30",2001,204,"Total","Admin0","Month","TYCHO-ALL-19242017-SV_DF01-00"
"PHILIPPINES",NA,NA,"PHILIPPINES","PHL",196,"PHL",NA,"2001-12-01","2001-12-31",2001,137,"Total","Admin0","Month","TYCHO-ALL-19242017-SV_DF01-00"
"PHILIPPINES",NA,NA,"PHILIPPINES","PHL",196,"PHL",NA,"2002-01-01","2002-12-31",2002,16663,"Total","Admin0","Year","TYCHO-ALL-19242017-SV_DF01-00"
"PHILIPPINES",NA,NA,"PHILIPPINES","PHL",196,"PHL",NA,"2003-01-01","2003-12-31",2003,29946,"Total","Admin0","Year","TYCHO-ALL-19242017-SV_DF01-00"
"PHILIPPINES",NA,NA,"PHILIPPINES","PHL",196,"PHL",NA,"2004-01-01","2004-12-31",2004,23040,"Total","Admin0","Year","TYCHO-ALL-19242017-SV_DF01-00"
"PHILIPPINES",NA,NA,"PHILIPPINES","PHL",196,"PHL",NA,"2005-01-01","2005-12-31",2005,33901,"Total","Admin0","Year","TYCHO-ALL-19242017-SV_DF01-00"
"PHILIPPINES",NA,NA,"PHILIPPINES","PHL",196,"PHL",NA,"2006-01-01","2006-12-31",2006,37101,"Total","Admin0","Year","TYCHO-ALL-19242017-SV_DF01-00"
"PHILIPPINES",NA,NA,"PHILIPPINES","PHL",196,"PHL",NA,"2007-01-01","2007-12-31",2007,55639,"Total","Admin0","Year","TYCHO-ALL-19242017-SV_DF01-00"
"PHILIPPINES",NA,NA,"PHILIPPINES","PHL",196,"PHL",NA,"2008-01-01","2008-12-31",2008,39620,"Total","Admin0","Year","TYCHO-ALL-19242017-SV_DF01-00"
"PHILIPPINES",NA,NA,"PHILIPPINES","PHL",196,"PHL",NA,"2009-01-01","2009-12-31",2009,57819,"Total","Admin0","Year","TYCHO-ALL-19242017-SV_DF01-00"
"PHILIPPINES",NA,NA,"PHILIPPINES","PHL",196,"PHL",NA,"2010-01-01","2010-12-31",2010,135355,"Total","Admin0","Year","TYCHO-ALL-19242017-SV_DF01-00"
"PHILIPPINES",NA,NA,"PHILIPPINES","PHL",196,"PHL",NA,"2011-01-01","2011-01-31",2011,10633,"Total","Admin0","Month","LITERATURE-ALL-2011-Y01-00"
"PHILIPPINES",NA,NA,"PHILIPPINES","PHL",196,"PHL",NA,"2011-02-01","2011-02-28",2011,6755,"Total","Admin0","Month","LITERATURE-ALL-2011-Y01-00"
"PHILIPPINES",NA,NA,"PHILIPPINES","PHL",196,"PHL",NA,"2011-03-01","2011-03-31",2011,5246,"Total","Admin0","Month","LITERATURE-ALL-2011-Y01-00"
"PHILIPPINES",NA,NA,"PHILIPPINES","PHL",196,"PHL",NA,"2011-04-01","2011-04-30",2011,3680,"Total","Admin0","Month","LITERATURE-ALL-2011-Y01-00"
"PHILIPPINES",NA,NA,"PHILIPPINES","PHL",196,"PHL",NA,"2011-05-01","2011-05-31",2011,3733,"Total","Admin0","Month","LITERATURE-ALL-2011-Y01-00"
"PHILIPPINES",NA,NA,"PHILIPPINES","PHL",196,"PHL",NA,"2011-06-01","2011-06-30",2011,6791,"Total","Admin0","Month","LITERATURE-ALL-2011-Y01-00"
"PHILIPPINES",NA,NA,"PHILIPPINES","PHL",196,"PHL",NA,"2011-07-01","2011-07-31",2011,15572,"Total","Admin0","Month","LITERATURE-ALL-2011-Y01-00"
"PHILIPPINES",NA,NA,"PHILIPPINES","PHL",196,"PHL",NA,"2011-08-01","2011-08-31",2011,28573,"Total","Admin0","Month","LITERATURE-ALL-2011-Y01-00"
"PHILIPPINES",NA,NA,"PHILIPPINES","PHL",196,"PHL",NA,"2011-09-01","2011-09-30",2011,18568,"Total","Admin0","Month","LITERATURE-ALL-2011-Y01-00"
"PHILIPPINES",NA,NA,"PHILIPPINES","PHL",196,"PHL",NA,"2011-10-01","2011-10-31",2011,9371,"Total","Admin0","Month","LITERATURE-ALL-2011-Y01-00"
"PHILIPPINES",NA,NA,"PHILIPPINES","PHL",196,"PHL",NA,"2011-11-01","2011-11-30",2011,6476,"Total","Admin0","Month","LITERATURE-ALL-2011-Y01-00"
"PHILIPPINES",NA,NA,"PHILIPPINES","PHL",196,"PHL",NA,"2011-12-01","2011-12-31",2011,2020,"Total","Admin0","Month","LITERATURE-ALL-2011-Y01-00"
"PHILIPPINES",NA,NA,"PHILIPPINES","PHL",196,"PHL",NA,"2012-01-01","2012-12-31",2012,67699,"Total","Admin0","Year","MOH-PHL-2012-Y01-11"
"PHILIPPINES",NA,NA,"PHILIPPINES","PHL",196,"PHL",NA,"2013-01-01","2013-01-31",2013,9529,"Total","Admin0","Month","LITERATURE-ALL-2012-Y01-01"
"PHILIPPINES",NA,NA,"PHILIPPINES","PHL",196,"PHL",NA,"2013-01-01","2013-12-31",2013,204906,"Total","Admin0","Year","LITERATURE-ALL-20112019-Y01-02"
"PHILIPPINES",NA,NA,"PHILIPPINES","PHL",196,"PHL",NA,"2013-01-06","2013-01-12",2013,2862,"Total","Admin0","Week","WHOWPRO-ALL-2015-W01-07"
"PHILIPPINES",NA,NA,"PHILIPPINES","PHL",196,"PHL",NA,"2013-01-13","2013-01-19",2013,2690,"Total","Admin0","Week","WHOWPRO-ALL-2015-W01-07"
"PHILIPPINES",NA,NA,"PHILIPPINES","PHL",196,"PHL",NA,"2013-01-20","2013-01-26",2013,2690,"Total","Admin0","Week","WHOWPRO-ALL-2015-W01-07"
"PHILIPPINES",NA,NA,"PHILIPPINES","PHL",196,"PHL",NA,"2013-01-27","2013-02-02",2013,2815,"Total","Admin0","Week","WHOWPRO-ALL-2015-W01-07"
"PHILIPPINES",NA,NA,"PHILIPPINES","PHL",196,"PHL",NA,"2013-02-01","2013-02-28",2013,7276,"Total","Admin0","Month","LITERATURE-ALL-2012-Y01-01"
"PHILIPPINES",NA,NA,"PHILIPPINES","PHL",196,"PHL",NA,"2013-02-03","2013-02-09",2013,2696,"Total","Admin0","Week","WHOWPRO-ALL-2015-W01-07"
"PHILIPPINES",NA,NA,"PHILIPPINES","PHL",196,"PHL",NA,"2013-02-10","2013-02-16",2013,2917,"Total","Admin0","Week","WHOWPRO-ALL-2015-W01-07"
"PHILIPPINES",NA,NA,"PHILIPPINES","PHL",196,"PHL",NA,"2013-02-17","2013-02-23",2013,2799,"Total","Admin0","Week","WHOWPRO-ALL-2015-W01-07"
"PHILIPPINES",NA,NA,"PHILIPPINES","PHL",196,"PHL",NA,"2013-02-24","2013-03-02",2013,2608,"Total","Admin0","Week","WHOWPRO-ALL-2015-W01-07"
"PHILIPPINES",NA,NA,"PHILIPPINES","PHL",196,"PHL",NA,"2013-03-01","2013-03-31",2013,6725,"Total","Admin0","Month","LITERATURE-ALL-2012-Y01-01"
"PHILIPPINES",NA,NA,"PHILIPPINES","PHL",196,"PHL",NA,"2013-03-03","2013-03-09",2013,2537,"Total","Admin0","Week","WHOWPRO-ALL-2015-W01-07"
"PHILIPPINES",NA,NA,"PHILIPPINES","PHL",196,"PHL",NA,"2013-03-10","2013-03-16",2013,2589,"Total","Admin0","Week","WHOWPRO-ALL-2015-W01-07"
"PHILIPPINES",NA,NA,"PHILIPPINES","PHL",196,"PHL",NA,"2013-03-17","2013-03-23",2013,2251,"Total","Admin0","Week","WHOWPRO-ALL-2015-W01-07"
"PHILIPPINES",NA,NA,"PHILIPPINES","PHL",196,"PHL",NA,"2013-03-24","2013-03-30",2013,2132,"Total","Admin0","Week","WHOWPRO-ALL-2015-W01-07"
"PHILIPPINES",NA,NA,"PHILIPPINES","PHL",196,"PHL",NA,"2013-03-31","2013-04-06",2013,1940,"Total","Admin0","Week","WHOWPRO-ALL-2015-W01-07"
"PHILIPPINES",NA,NA,"PHILIPPINES","PHL",196,"PHL",NA,"2013-04-01","2013-04-30",2013,6242,"Total","Admin0","Month","LITERATURE-ALL-2012-Y01-01"
"PHILIPPINES",NA,NA,"PHILIPPINES","PHL",196,"PHL",NA,"2013-04-07","2013-04-13",2013,1895,"Total","Admin0","Week","WHOWPRO-ALL-2015-W01-07"
"PHILIPPINES",NA,NA,"PHILIPPINES","PHL",196,"PHL",NA,"2013-04-14","2013-04-20",2013,1873,"Total","Admin0","Week","WHOWPRO-ALL-2015-W01-07"
"PHILIPPINES",NA,NA,"PHILIPPINES","PHL",196,"PHL",NA,"2013-04-21","2013-04-27",2013,1705,"Total","Admin0","Week","WHOWPRO-ALL-2015-W01-07"
"PHILIPPINES",NA,NA,"PHILIPPINES","PHL",196,"PHL",NA,"2013-04-28","2013-05-04",2013,1879,"Total","Admin0","Week","WHOWPRO-ALL-2015-W01-07"
"PHILIPPINES",NA,NA,"PHILIPPINES","PHL",196,"PHL",NA,"2013-05-01","2013-05-31",2013,8687,"Total","Admin0","Month","LITERATURE-ALL-2012-Y01-01"
"PHILIPPINES",NA,NA,"PHILIPPINES","PHL",196,"PHL",NA,"2013-05-05","2013-05-11",2013,1979,"Total","Admin0","Week","WHOWPRO-ALL-2015-W01-07"
"PHILIPPINES",NA,NA,"PHILIPPINES","PHL",196,"PHL",NA,"2013-05-12","2013-05-18",2013,2079,"Total","Admin0","Week","WHOWPRO-ALL-2015-W01-07"
"PHILIPPINES",NA,NA,"PHILIPPINES","PHL",196,"PHL",NA,"2013-05-19","2013-05-25",2013,2252,"Total","Admin0","Week","WHOWPRO-ALL-2015-W01-07"
"PHILIPPINES",NA,NA,"PHILIPPINES","PHL",196,"PHL",NA,"2013-05-26","2013-06-01",2013,2497,"Total","Admin0","Week","WHOWPRO-ALL-2015-W01-07"
"PHILIPPINES",NA,NA,"PHILIPPINES","PHL",196,"PHL",NA,"2013-06-01","2013-06-30",2013,16240,"Total","Admin0","Month","LITERATURE-ALL-2012-Y01-01"
"PHILIPPINES",NA,NA,"PHILIPPINES","PHL",196,"PHL",NA,"2013-06-02","2013-06-08",2013,2694,"Total","Admin0","Week","WHOWPRO-ALL-2015-W01-07"
"PHILIPPINES",NA,NA,"PHILIPPINES","PHL",196,"PHL",NA,"2013-06-09","2013-06-15",2013,3085,"Total","Admin0","Week","WHOWPRO-ALL-2015-W01-07"
"PHILIPPINES",NA,NA,"PHILIPPINES","PHL",196,"PHL",NA,"2013-06-16","2013-06-22",2013,3744,"Total","Admin0","Week","WHOWPRO-ALL-2015-W01-07"
"PHILIPPINES",NA,NA,"PHILIPPINES","PHL",196,"PHL",NA,"2013-06-23","2013-06-29",2013,4451,"Total","Admin0","Week","WHOWPRO-ALL-2015-W01-07"
"PHILIPPINES",NA,NA,"PHILIPPINES","PHL",196,"PHL",NA,"2013-06-30","2013-07-06",2013,5718,"Total","Admin0","Week","WHOWPRO-ALL-2015-W01-07"
"PHILIPPINES",NA,NA,"PHILIPPINES","PHL",196,"PHL",NA,"2013-07-01","2013-07-31",2013,28695,"Total","Admin0","Month","LITERATURE-ALL-2012-Y01-01"
"PHILIPPINES",NA,NA,"PHILIPPINES","PHL",196,"PHL",NA,"2013-07-07","2013-07-13",2013,6790,"Total","Admin0","Week","WHOWPRO-ALL-2015-W01-07"
"PHILIPPINES",NA,NA,"PHILIPPINES","PHL",196,"PHL",NA,"2013-07-14","2013-07-20",2013,7109,"Total","Admin0","Week","WHOWPRO-ALL-2015-W01-07"
"PHILIPPINES",NA,NA,"PHILIPPINES","PHL",196,"PHL",NA,"2013-07-21","2013-07-27",2013,8254,"Total","Admin0","Week","WHOWPRO-ALL-2015-W01-07"
"PHILIPPINES",NA,NA,"PHILIPPINES","PHL",196,"PHL",NA,"2013-07-28","2013-08-03",2013,8135,"Total","Admin0","Week","WHOWPRO-ALL-2015-W01-07"
"PHILIPPINES",NA,NA,"PHILIPPINES","PHL",196,"PHL",NA,"2013-08-01","2013-08-31",2013,31480,"Total","Admin0","Month","LITERATURE-ALL-2012-Y01-01"
"PHILIPPINES",NA,NA,"PHILIPPINES","PHL",196,"PHL",NA,"2013-08-04","2013-08-10",2013,8357,"Total","Admin0","Week","WHOWPRO-ALL-2015-W01-07"
"PHILIPPINES",NA,NA,"PHILIPPINES","PHL",196,"PHL",NA,"2013-08-11","2013-08-17",2013,8457,"Total","Admin0","Week","WHOWPRO-ALL-2015-W01-07"
"PHILIPPINES",NA,NA,"PHILIPPINES","PHL",196,"PHL",NA,"2013-08-18","2013-08-24",2013,7706,"Total","Admin0","Week","WHOWPRO-ALL-2015-W01-07"
"PHILIPPINES",NA,NA,"PHILIPPINES","PHL",196,"PHL",NA,"2013-08-25","2013-08-31",2013,7685,"Total","Admin0","Week","WHOWPRO-ALL-2015-W01-07"
"PHILIPPINES",NA,NA,"PHILIPPINES","PHL",196,"PHL",NA,"2013-09-01","2013-09-07",2013,7152,"Total","Admin0","Week","WHOWPRO-ALL-2015-W01-07"
"PHILIPPINES",NA,NA,"PHILIPPINES","PHL",196,"PHL",NA,"2013-09-01","2013-09-30",2013,23916,"Total","Admin0","Month","LITERATURE-ALL-2012-Y01-01"
"PHILIPPINES",NA,NA,"PHILIPPINES","PHL",196,"PHL",NA,"2013-09-08","2013-09-14",2013,6716,"Total","Admin0","Week","WHOWPRO-ALL-2015-W01-07"
"PHILIPPINES",NA,NA,"PHILIPPINES","PHL",196,"PHL",NA,"2013-09-15","2013-09-21",2013,6378,"Total","Admin0","Week","WHOWPRO-ALL-2015-W01-07"
"PHILIPPINES",NA,NA,"PHILIPPINES","PHL",196,"PHL",NA,"2013-09-22","2013-09-28",2013,6768,"Total","Admin0","Week","WHOWPRO-ALL-2015-W01-07"
"PHILIPPINES",NA,NA,"PHILIPPINES","PHL",196,"PHL",NA,"2013-09-29","2013-10-05",2013,7110,"Total","Admin0","Week","WHOWPRO-ALL-2015-W01-07"
"PHILIPPINES",NA,NA,"PHILIPPINES","PHL",196,"PHL",NA,"2013-10-01","2013-10-31",2013,18053,"Total","Admin0","Month","LITERATURE-ALL-2012-Y01-01"
"PHILIPPINES",NA,NA,"PHILIPPINES","PHL",196,"PHL",NA,"2013-10-06","2013-10-12",2013,6311,"Total","Admin0","Week","WHOWPRO-ALL-2015-W01-07"
"PHILIPPINES",NA,NA,"PHILIPPINES","PHL",196,"PHL",NA,"2013-10-13","2013-10-19",2013,5584,"Total","Admin0","Week","WHOWPRO-ALL-2015-W01-07"
"PHILIPPINES",NA,NA,"PHILIPPINES","PHL",196,"PHL",NA,"2013-10-20","2013-10-26",2013,4737,"Total","Admin0","Week","WHOWPRO-ALL-2015-W01-07"
"PHILIPPINES",NA,NA,"PHILIPPINES","PHL",196,"PHL",NA,"2013-10-27","2013-11-02",2013,4351,"Total","Admin0","Week","WHOWPRO-ALL-2015-W01-07"
"PHILIPPINES",NA,NA,"PHILIPPINES","PHL",196,"PHL",NA,"2013-11-01","2013-11-30",2013,13349,"Total","Admin0","Month","LITERATURE-ALL-2012-Y01-01"
"PHILIPPINES",NA,NA,"PHILIPPINES","PHL",196,"PHL",NA,"2013-11-03","2013-11-09",2013,4354,"Total","Admin0","Week","WHOWPRO-ALL-2015-W01-07"
"PHILIPPINES",NA,NA,"PHILIPPINES","PHL",196,"PHL",NA,"2013-11-10","2013-11-16",2013,3870,"Total","Admin0","Week","WHOWPRO-ALL-2015-W01-07"
"PHILIPPINES",NA,NA,"PHILIPPINES","PHL",196,"PHL",NA,"2013-11-17","2013-11-23",2013,3849,"Total","Admin0","Week","WHOWPRO-ALL-2015-W01-07"
"PHILIPPINES",NA,NA,"PHILIPPINES","PHL",196,"PHL",NA,"2013-11-24","2013-11-30",2013,3122,"Total","Admin0","Week","WHOWPRO-ALL-2015-W01-07"
"PHILIPPINES",NA,NA,"PHILIPPINES","PHL",196,"PHL",NA,"2013-12-01","2013-12-07",2013,3247,"Total","Admin0","Week","WHOWPRO-ALL-2015-W01-07"
"PHILIPPINES",NA,NA,"PHILIPPINES","PHL",196,"PHL",NA,"2013-12-01","2013-12-31",2013,6533,"Total","Admin0","Month","LITERATURE-ALL-2012-Y01-01"
"PHILIPPINES",NA,NA,"PHILIPPINES","PHL",196,"PHL",NA,"2013-12-08","2013-12-14",2013,3079,"Total","Admin0","Week","WHOWPRO-ALL-2015-W01-07"
"PHILIPPINES",NA,NA,"PHILIPPINES","PHL",196,"PHL",NA,"2013-12-15","2013-12-21",2013,2767,"Total","Admin0","Week","WHOWPRO-ALL-2015-W01-07"
"PHILIPPINES",NA,NA,"PHILIPPINES","PHL",196,"PHL",NA,"2013-12-22","2013-12-28",2013,2502,"Total","Admin0","Week","WHOWPRO-ALL-2015-W01-07"
"PHILIPPINES",NA,NA,"PHILIPPINES","PHL",196,"PHL",NA,"2013-12-29","2014-01-04",2013,1372,"Total","Admin0","Week","WHOWPRO-ALL-2015-W01-07"
"PHILIPPINES",NA,NA,"PHILIPPINES","PHL",196,"PHL",NA,"2014-01-01","2014-12-31",2014,113485,"Total","Admin0","Year","LITERATURE-ALL-20112019-Y01-02"
"PHILIPPINES",NA,NA,"PHILIPPINES","PHL",196,"PHL",NA,"2014-01-05","2014-01-11",2014,2512,"Total","Admin0","Week","WHOWPRO-ALL-2015-W01-07"
"PHILIPPINES",NA,NA,"PHILIPPINES","PHL",196,"PHL",NA,"2014-01-12","2014-01-18",2014,2077,"Total","Admin0","Week","WHOWPRO-ALL-2015-W01-07"
"PHILIPPINES",NA,NA,"PHILIPPINES","PHL",196,"PHL",NA,"2014-01-19","2014-01-25",2014,1905,"Total","Admin0","Week","WHOWPRO-ALL-2015-W01-07"
"PHILIPPINES",NA,NA,"PHILIPPINES","PHL",196,"PHL",NA,"2014-01-26","2014-02-01",2014,1500,"Total","Admin0","Week","WHOWPRO-ALL-2015-W01-07"
"PHILIPPINES",NA,NA,"PHILIPPINES","PHL",196,"PHL",NA,"2014-02-02","2014-02-08",2014,1474,"Total","Admin0","Week","WHOWPRO-ALL-2015-W01-07"
"PHILIPPINES",NA,NA,"PHILIPPINES","PHL",196,"PHL",NA,"2014-02-09","2014-02-15",2014,1360,"Total","Admin0","Week","WHOWPRO-ALL-2015-W01-07"
"PHILIPPINES",NA,NA,"PHILIPPINES","PHL",196,"PHL",NA,"2014-02-16","2014-02-22",2014,1333,"Total","Admin0","Week","WHOWPRO-ALL-2015-W01-07"
"PHILIPPINES",NA,NA,"PHILIPPINES","PHL",196,"PHL",NA,"2014-02-23","2014-03-01",2014,1132,"Total","Admin0","Week","WHOWPRO-ALL-2015-W01-07"
"PHILIPPINES",NA,NA,"PHILIPPINES","PHL",196,"PHL",NA,"2014-03-02","2014-03-08",2014,1106,"Total","Admin0","Week","WHOWPRO-ALL-2015-W01-07"
"PHILIPPINES",NA,NA,"PHILIPPINES","PHL",196,"PHL",NA,"2014-03-09","2014-03-15",2014,1108,"Total","Admin0","Week","WHOWPRO-ALL-2015-W01-07"
"PHILIPPINES",NA,NA,"PHILIPPINES","PHL",196,"PHL",NA,"2014-03-16","2014-03-22",2014,966,"Total","Admin0","Week","WHOWPRO-ALL-2015-W01-07"
"PHILIPPINES",NA,NA,"PHILIPPINES","PHL",196,"PHL",NA,"2014-03-23","2014-03-29",2014,910,"Total","Admin0","Week","WHOWPRO-ALL-2015-W01-07"
"PHILIPPINES",NA,NA,"PHILIPPINES","PHL",196,"PHL",NA,"2014-03-30","2014-04-05",2014,884,"Total","Admin0","Week","WHOWPRO-ALL-2015-W01-07"
"PHILIPPINES",NA,NA,"PHILIPPINES","PHL",196,"PHL",NA,"2014-04-06","2014-04-12",2014,829,"Total","Admin0","Week","WHOWPRO-ALL-2015-W01-07"
"PHILIPPINES",NA,NA,"PHILIPPINES","PHL",196,"PHL",NA,"2014-04-13","2014-04-19",2014,831,"Total","Admin0","Week","WHOWPRO-ALL-2015-W01-07"
"PHILIPPINES",NA,NA,"PHILIPPINES","PHL",196,"PHL",NA,"2014-04-20","2014-04-26",2014,892,"Total","Admin0","Week","WHOWPRO-ALL-2015-W01-07"
"PHILIPPINES",NA,NA,"PHILIPPINES","PHL",196,"PHL",NA,"2014-04-27","2014-05-03",2014,983,"Total","Admin0","Week","WHOWPRO-ALL-2015-W01-07"
"PHILIPPINES",NA,NA,"PHILIPPINES","PHL",196,"PHL",NA,"2014-05-04","2014-05-10",2014,1219,"Total","Admin0","Week","WHOWPRO-ALL-2015-W01-07"
"PHILIPPINES",NA,NA,"PHILIPPINES","PHL",196,"PHL",NA,"2014-05-11","2014-05-17",2014,1280,"Total","Admin0","Week","WHOWPRO-ALL-2015-W01-07"
"PHILIPPINES",NA,NA,"PHILIPPINES","PHL",196,"PHL",NA,"2014-05-18","2014-05-24",2014,1400,"Total","Admin0","Week","WHOWPRO-ALL-2015-W01-07"
"PHILIPPINES",NA,NA,"PHILIPPINES","PHL",196,"PHL",NA,"2014-05-25","2014-05-31",2014,1198,"Total","Admin0","Week","WHOWPRO-ALL-2015-W01-07"
"PHILIPPINES",NA,NA,"PHILIPPINES","PHL",196,"PHL",NA,"2014-06-01","2014-06-07",2014,1522,"Total","Admin0","Week","WHOWPRO-ALL-2015-W01-07"
"PHILIPPINES",NA,NA,"PHILIPPINES","PHL",196,"PHL",NA,"2014-06-08","2014-06-14",2014,1758,"Total","Admin0","Week","WHOWPRO-ALL-2015-W01-07"
"PHILIPPINES",NA,NA,"PHILIPPINES","PHL",196,"PHL",NA,"2014-06-15","2014-06-21",2014,2168,"Total","Admin0","Week","WHOWPRO-ALL-2015-W01-07"
"PHILIPPINES",NA,NA,"PHILIPPINES","PHL",196,"PHL",NA,"2014-06-22","2014-06-28",2014,2230,"Total","Admin0","Week","WHOWPRO-ALL-2015-W01-07"
"PHILIPPINES",NA,NA,"PHILIPPINES","PHL",196,"PHL",NA,"2014-06-29","2014-07-05",2014,2466,"Total","Admin0","Week","WHOWPRO-ALL-2015-W01-07"
"PHILIPPINES",NA,NA,"PHILIPPINES","PHL",196,"PHL",NA,"2014-07-06","2014-07-12",2014,2732,"Total","Admin0","Week","WHOWPRO-ALL-2015-W01-07"
"PHILIPPINES",NA,NA,"PHILIPPINES","PHL",196,"PHL",NA,"2014-07-13","2014-07-19",2014,2909,"Total","Admin0","Week","WHOWPRO-ALL-2015-W01-07"
"PHILIPPINES",NA,NA,"PHILIPPINES","PHL",196,"PHL",NA,"2014-07-20","2014-07-26",2014,3233,"Total","Admin0","Week","WHOWPRO-ALL-2015-W01-07"
"PHILIPPINES",NA,NA,"PHILIPPINES","PHL",196,"PHL",NA,"2014-07-27","2014-08-02",2014,3499,"Total","Admin0","Week","WHOWPRO-ALL-2015-W01-07"
"PHILIPPINES",NA,NA,"PHILIPPINES","PHL",196,"PHL",NA,"2014-08-03","2014-08-09",2014,3764,"Total","Admin0","Week","WHOWPRO-ALL-2015-W01-07"
"PHILIPPINES",NA,NA,"PHILIPPINES","PHL",196,"PHL",NA,"2014-08-10","2014-08-16",2014,3912,"Total","Admin0","Week","WHOWPRO-ALL-2015-W01-07"
"PHILIPPINES",NA,NA,"PHILIPPINES","PHL",196,"PHL",NA,"2014-08-17","2014-08-23",2014,3915,"Total","Admin0","Week","WHOWPRO-ALL-2015-W01-07"
"PHILIPPINES",NA,NA,"PHILIPPINES","PHL",196,"PHL",NA,"2014-08-24","2014-08-30",2014,3801,"Total","Admin0","Week","WHOWPRO-ALL-2015-W01-07"
"PHILIPPINES",NA,NA,"PHILIPPINES","PHL",196,"PHL",NA,"2014-08-31","2014-09-06",2014,3805,"Total","Admin0","Week","WHOWPRO-ALL-2015-W01-07"
"PHILIPPINES",NA,NA,"PHILIPPINES","PHL",196,"PHL",NA,"2014-09-07","2014-09-13",2014,3195,"Total","Admin0","Week","WHOWPRO-ALL-2015-W01-07"
"PHILIPPINES",NA,NA,"PHILIPPINES","PHL",196,"PHL",NA,"2014-09-14","2014-09-20",2014,3489,"Total","Admin0","Week","WHOWPRO-ALL-2015-W01-07"
"PHILIPPINES",NA,NA,"PHILIPPINES","PHL",196,"PHL",NA,"2014-09-21","2014-09-27",2014,3201,"Total","Admin0","Week","WHOWPRO-ALL-2015-W01-07"
"PHILIPPINES",NA,NA,"PHILIPPINES","PHL",196,"PHL",NA,"2014-09-28","2014-10-04",2014,3466,"Total","Admin0","Week","WHOWPRO-ALL-2015-W01-07"
"PHILIPPINES",NA,NA,"PHILIPPINES","PHL",196,"PHL",NA,"2014-10-05","2014-10-11",2014,3235,"Total","Admin0","Week","WHOWPRO-ALL-2015-W01-07"
"PHILIPPINES",NA,NA,"PHILIPPINES","PHL",196,"PHL",NA,"2014-10-12","2014-10-18",2014,3238,"Total","Admin0","Week","WHOWPRO-ALL-2015-W01-07"
"PHILIPPINES",NA,NA,"PHILIPPINES","PHL",196,"PHL",NA,"2014-10-19","2014-10-25",2014,3124,"Total","Admin0","Week","WHOWPRO-ALL-2015-W01-07"
"PHILIPPINES",NA,NA,"PHILIPPINES","PHL",196,"PHL",NA,"2014-10-26","2014-11-01",2014,3127,"Total","Admin0","Week","WHOWPRO-ALL-2015-W01-07"
"PHILIPPINES",NA,NA,"PHILIPPINES","PHL",196,"PHL",NA,"2014-11-02","2014-11-08",2014,3450,"Total","Admin0","Week","WHOWPRO-ALL-2015-W01-07"
"PHILIPPINES",NA,NA,"PHILIPPINES","PHL",196,"PHL",NA,"2014-11-09","2014-11-15",2014,3366,"Total","Admin0","Week","WHOWPRO-ALL-2015-W01-07"
"PHILIPPINES",NA,NA,"PHILIPPINES","PHL",196,"PHL",NA,"2014-11-16","2014-11-22",2014,3019,"Total","Admin0","Week","WHOWPRO-ALL-2015-W01-07"
"PHILIPPINES",NA,NA,"PHILIPPINES","PHL",196,"PHL",NA,"2014-11-23","2014-11-29",2014,2818,"Total","Admin0","Week","WHOWPRO-ALL-2015-W01-07"
"PHILIPPINES",NA,NA,"PHILIPPINES","PHL",196,"PHL",NA,"2014-11-30","2014-12-06",2014,2325,"Total","Admin0","Week","WHOWPRO-ALL-2015-W01-07"
"PHILIPPINES",NA,NA,"PHILIPPINES","PHL",196,"PHL",NA,"2014-12-07","2014-12-13",2014,1511,"Total","Admin0","Week","WHOWPRO-ALL-2015-W01-07"
"PHILIPPINES",NA,NA,"PHILIPPINES","PHL",196,"PHL",NA,"2014-12-14","2014-12-20",2014,872,"Total","Admin0","Week","WHOWPRO-ALL-2015-W01-07"
"PHILIPPINES",NA,NA,"PHILIPPINES","PHL",196,"PHL",NA,"2014-12-21","2014-12-27",2014,380,"Total","Admin0","Week","WHOWPRO-ALL-2015-W01-07"
"PHILIPPINES",NA,NA,"PHILIPPINES","PHL",196,"PHL",NA,"2015-01-01","2015-12-31",2015,213930,"Total","Admin0","Year","LITERATURE-ALL-20112019-Y01-02"
"PHILIPPINES",NA,NA,"PHILIPPINES","PHL",196,"PHL",NA,"2015-01-04","2015-01-10",2015,3811,"Total","Admin0","Week","WHOWPRO-ALL-2016-W01-05"
"PHILIPPINES",NA,NA,"PHILIPPINES","PHL",196,"PHL",NA,"2015-01-11","2015-01-17",2015,2368,"Total","Admin0","Week","WHOWPRO-ALL-2016-W01-05"
"PHILIPPINES",NA,NA,"PHILIPPINES","PHL",196,"PHL",NA,"2015-01-18","2015-01-24",2015,2108,"Total","Admin0","Week","WHOWPRO-ALL-2016-W01-05"
"PHILIPPINES",NA,NA,"PHILIPPINES","PHL",196,"PHL",NA,"2015-01-25","2015-01-31",2015,2227,"Total","Admin0","Week","WHOWPRO-ALL-2016-W01-05"
"PHILIPPINES",NA,NA,"PHILIPPINES","PHL",196,"PHL",NA,"2015-02-01","2015-02-07",2015,2322,"Total","Admin0","Week","WHOWPRO-ALL-2016-W01-05"
"PHILIPPINES",NA,NA,"PHILIPPINES","PHL",196,"PHL",NA,"2015-02-08","2015-02-14",2015,1920,"Total","Admin0","Week","WHOWPRO-ALL-2016-W01-05"
"PHILIPPINES",NA,NA,"PHILIPPINES","PHL",196,"PHL",NA,"2015-02-15","2015-02-21",2015,1850,"Total","Admin0","Week","WHOWPRO-ALL-2016-W01-05"
"PHILIPPINES",NA,NA,"PHILIPPINES","PHL",196,"PHL",NA,"2015-02-22","2015-02-28",2015,1732,"Total","Admin0","Week","WHOWPRO-ALL-2016-W01-05"
"PHILIPPINES",NA,NA,"PHILIPPINES","PHL",196,"PHL",NA,"2015-03-01","2015-03-07",2015,1661,"Total","Admin0","Week","WHOWPRO-ALL-2016-W01-05"
"PHILIPPINES",NA,NA,"PHILIPPINES","PHL",196,"PHL",NA,"2015-03-08","2015-03-14",2015,1354,"Total","Admin0","Week","WHOWPRO-ALL-2016-W01-05"
"PHILIPPINES",NA,NA,"PHILIPPINES","PHL",196,"PHL",NA,"2015-03-15","2015-03-21",2015,1378,"Total","Admin0","Week","WHOWPRO-ALL-2016-W01-05"
"PHILIPPINES",NA,NA,"PHILIPPINES","PHL",196,"PHL",NA,"2015-03-22","2015-03-28",2015,1118,"Total","Admin0","Week","WHOWPRO-ALL-2016-W01-05"
"PHILIPPINES",NA,NA,"PHILIPPINES","PHL",196,"PHL",NA,"2015-03-29","2015-04-04",2015,953,"Total","Admin0","Week","WHOWPRO-ALL-2016-W01-05"
"PHILIPPINES",NA,NA,"PHILIPPINES","PHL",196,"PHL",NA,"2015-04-05","2015-04-11",2015,1096,"Total","Admin0","Week","WHOWPRO-ALL-2016-W01-05"
"PHILIPPINES",NA,NA,"PHILIPPINES","PHL",196,"PHL",NA,"2015-04-12","2015-04-18",2015,1002,"Total","Admin0","Week","WHOWPRO-ALL-2016-W01-05"
"PHILIPPINES",NA,NA,"PHILIPPINES","PHL",196,"PHL",NA,"2015-04-19","2015-04-25",2015,908,"Total","Admin0","Week","WHOWPRO-ALL-2016-W01-05"
"PHILIPPINES",NA,NA,"PHILIPPINES","PHL",196,"PHL",NA,"2015-04-26","2015-05-02",2015,1026,"Total","Admin0","Week","WHOWPRO-ALL-2016-W01-05"
"PHILIPPINES",NA,NA,"PHILIPPINES","PHL",196,"PHL",NA,"2015-05-03","2015-05-09",2015,1003,"Total","Admin0","Week","WHOWPRO-ALL-2016-W01-05"
"PHILIPPINES",NA,NA,"PHILIPPINES","PHL",196,"PHL",NA,"2015-05-10","2015-05-16",2015,1075,"Total","Admin0","Week","WHOWPRO-ALL-2016-W01-05"
"PHILIPPINES",NA,NA,"PHILIPPINES","PHL",196,"PHL",NA,"2015-05-17","2015-05-23",2015,1146,"Total","Admin0","Week","WHOWPRO-ALL-2016-W01-05"
"PHILIPPINES",NA,NA,"PHILIPPINES","PHL",196,"PHL",NA,"2015-05-24","2015-05-30",2015,1218,"Total","Admin0","Week","WHOWPRO-ALL-2016-W01-05"
"PHILIPPINES",NA,NA,"PHILIPPINES","PHL",196,"PHL",NA,"2015-05-31","2015-06-06",2015,1573,"Total","Admin0","Week","WHOWPRO-ALL-2016-W01-05"
"PHILIPPINES",NA,NA,"PHILIPPINES","PHL",196,"PHL",NA,"2015-06-07","2015-06-13",2015,1834,"Total","Admin0","Week","WHOWPRO-ALL-2016-W01-05"
"PHILIPPINES",NA,NA,"PHILIPPINES","PHL",196,"PHL",NA,"2015-06-14","2015-06-20",2015,2143,"Total","Admin0","Week","WHOWPRO-ALL-2016-W01-05"
"PHILIPPINES",NA,NA,"PHILIPPINES","PHL",196,"PHL",NA,"2015-06-21","2015-06-27",2015,2569,"Total","Admin0","Week","WHOWPRO-ALL-2016-W01-05"
"PHILIPPINES",NA,NA,"PHILIPPINES","PHL",196,"PHL",NA,"2015-06-28","2015-07-04",2015,3114,"Total","Admin0","Week","WHOWPRO-ALL-2016-W01-05"
"PHILIPPINES",NA,NA,"PHILIPPINES","PHL",196,"PHL",NA,"2015-07-05","2015-07-11",2015,3919,"Total","Admin0","Week","WHOWPRO-ALL-2016-W01-05"
"PHILIPPINES",NA,NA,"PHILIPPINES","PHL",196,"PHL",NA,"2015-07-12","2015-07-18",2015,4227,"Total","Admin0","Week","WHOWPRO-ALL-2016-W01-05"
"PHILIPPINES",NA,NA,"PHILIPPINES","PHL",196,"PHL",NA,"2015-07-19","2015-07-25",2015,5080,"Total","Admin0","Week","WHOWPRO-ALL-2016-W01-05"
"PHILIPPINES",NA,NA,"PHILIPPINES","PHL",196,"PHL",NA,"2015-07-26","2015-08-01",2015,5720,"Total","Admin0","Week","WHOWPRO-ALL-2016-W01-05"
"PHILIPPINES",NA,NA,"PHILIPPINES","PHL",196,"PHL",NA,"2015-08-02","2015-08-08",2015,6525,"Total","Admin0","Week","WHOWPRO-ALL-2016-W01-05"
"PHILIPPINES",NA,NA,"PHILIPPINES","PHL",196,"PHL",NA,"2015-08-09","2015-08-15",2015,6857,"Total","Admin0","Week","WHOWPRO-ALL-2016-W01-05"
"PHILIPPINES",NA,NA,"PHILIPPINES","PHL",196,"PHL",NA,"2015-08-16","2015-08-22",2015,6810,"Total","Admin0","Week","WHOWPRO-ALL-2016-W01-05"
"PHILIPPINES",NA,NA,"PHILIPPINES","PHL",196,"PHL",NA,"2015-08-23","2015-08-29",2015,7095,"Total","Admin0","Week","WHOWPRO-ALL-2016-W01-05"
"PHILIPPINES",NA,NA,"PHILIPPINES","PHL",196,"PHL",NA,"2015-08-30","2015-09-05",2015,6716,"Total","Admin0","Week","WHOWPRO-ALL-2016-W01-05"
"PHILIPPINES",NA,NA,"PHILIPPINES","PHL",196,"PHL",NA,"2015-09-06","2015-09-12",2015,7545,"Total","Admin0","Week","WHOWPRO-ALL-2016-W01-05"
"PHILIPPINES",NA,NA,"PHILIPPINES","PHL",196,"PHL",NA,"2015-09-13","2015-09-19",2015,7546,"Total","Admin0","Week","WHOWPRO-ALL-2016-W01-05"
"PHILIPPINES",NA,NA,"PHILIPPINES","PHL",196,"PHL",NA,"2015-09-20","2015-09-26",2015,7523,"Total","Admin0","Week","WHOWPRO-ALL-2016-W01-05"
"PHILIPPINES",NA,NA,"PHILIPPINES","PHL",196,"PHL",NA,"2015-09-27","2015-10-03",2015,8470,"Total","Admin0","Week","WHOWPRO-ALL-2016-W01-05"
"PHILIPPINES",NA,NA,"PHILIPPINES","PHL",196,"PHL",NA,"2015-10-04","2015-10-10",2015,8849,"Total","Admin0","Week","WHOWPRO-ALL-2016-W01-05"
"PHILIPPINES",NA,NA,"PHILIPPINES","PHL",196,"PHL",NA,"2015-10-11","2015-10-17",2015,8140,"Total","Admin0","Week","WHOWPRO-ALL-2016-W01-05"
"PHILIPPINES",NA,NA,"PHILIPPINES","PHL",196,"PHL",NA,"2015-10-18","2015-10-24",2015,6957,"Total","Admin0","Week","WHOWPRO-ALL-2016-W01-05"
"PHILIPPINES",NA,NA,"PHILIPPINES","PHL",196,"PHL",NA,"2015-10-25","2015-10-31",2015,6744,"Total","Admin0","Week","WHOWPRO-ALL-2016-W01-05"
"PHILIPPINES",NA,NA,"PHILIPPINES","PHL",196,"PHL",NA,"2015-11-01","2015-11-07",2015,5940,"Total","Admin0","Week","WHOWPRO-ALL-2016-W01-05"
"PHILIPPINES",NA,NA,"PHILIPPINES","PHL",196,"PHL",NA,"2015-11-08","2015-11-14",2015,3337,"Total","Admin0","Week","WHOWPRO-ALL-2016-W01-05"
"PHILIPPINES",NA,NA,"PHILIPPINES","PHL",196,"PHL",NA,"2015-11-15","2015-11-21",2015,545,"Total","Admin0","Week","WHOWPRO-ALL-2016-W01-05"
"PHILIPPINES",NA,NA,"PHILIPPINES","PHL",196,"PHL",NA,"2016-01-01","2016-12-31",2016,220518,"Total","Admin0","Year","LITERATURE-ALL-20112019-Y01-02"
"PHILIPPINES",NA,NA,"PHILIPPINES","PHL",196,"PHL",NA,"2016-01-03","2016-01-09",2016,5492,"Total","Admin0","Week","WHOWPRO-ALL-2017-W01-03"
"PHILIPPINES",NA,NA,"PHILIPPINES","PHL",196,"PHL",NA,"2016-01-10","2016-01-16",2016,3779,"Total","Admin0","Week","WHOWPRO-ALL-2017-W01-03"
"PHILIPPINES",NA,NA,"PHILIPPINES","PHL",196,"PHL",NA,"2016-01-17","2016-01-23",2016,4256,"Total","Admin0","Week","WHOWPRO-ALL-2017-W01-03"
"PHILIPPINES",NA,NA,"PHILIPPINES","PHL",196,"PHL",NA,"2016-01-24","2016-01-30",2016,3876,"Total","Admin0","Week","WHOWPRO-ALL-2017-W01-03"
"PHILIPPINES",NA,NA,"PHILIPPINES","PHL",196,"PHL",NA,"2016-01-31","2016-02-06",2016,3527,"Total","Admin0","Week","WHOWPRO-ALL-2017-W01-03"
"PHILIPPINES",NA,NA,"PHILIPPINES","PHL",196,"PHL",NA,"2016-02-07","2016-02-13",2016,3242,"Total","Admin0","Week","WHOWPRO-ALL-2017-W01-03"
"PHILIPPINES",NA,NA,"PHILIPPINES","PHL",196,"PHL",NA,"2016-02-14","2016-02-20",2016,3052,"Total","Admin0","Week","WHOWPRO-ALL-2017-W01-03"
"PHILIPPINES",NA,NA,"PHILIPPINES","PHL",196,"PHL",NA,"2016-02-21","2016-02-27",2016,2736,"Total","Admin0","Week","WHOWPRO-ALL-2017-W01-03"
"PHILIPPINES",NA,NA,"PHILIPPINES","PHL",196,"PHL",NA,"2016-02-29","2016-03-05",2016,2482,"Total","Admin0","Week","WHOWPRO-ALL-2017-W01-03"
"PHILIPPINES",NA,NA,"PHILIPPINES","PHL",196,"PHL",NA,"2016-03-06","2016-03-12",2016,2451,"Total","Admin0","Week","WHOWPRO-ALL-2017-W01-03"
"PHILIPPINES",NA,NA,"PHILIPPINES","PHL",196,"PHL",NA,"2016-03-13","2016-03-19",2016,2198,"Total","Admin0","Week","WHOWPRO-ALL-2017-W01-03"
"PHILIPPINES",NA,NA,"PHILIPPINES","PHL",196,"PHL",NA,"2016-03-20","2016-03-26",2016,1913,"Total","Admin0","Week","WHOWPRO-ALL-2017-W01-03"
"PHILIPPINES",NA,NA,"PHILIPPINES","PHL",196,"PHL",NA,"2016-03-27","2016-04-02",2016,1946,"Total","Admin0","Week","WHOWPRO-ALL-2017-W01-03"
"PHILIPPINES",NA,NA,"PHILIPPINES","PHL",196,"PHL",NA,"2016-04-03","2016-04-09",2016,1819,"Total","Admin0","Week","WHOWPRO-ALL-2017-W01-03"
"PHILIPPINES",NA,NA,"PHILIPPINES","PHL",196,"PHL",NA,"2016-04-10","2016-04-16",2016,1566,"Total","Admin0","Week","WHOWPRO-ALL-2017-W01-03"
"PHILIPPINES",NA,NA,"PHILIPPINES","PHL",196,"PHL",NA,"2016-04-17","2016-04-23",2016,1567,"Total","Admin0","Week","WHOWPRO-ALL-2017-W01-03"
"PHILIPPINES",NA,NA,"PHILIPPINES","PHL",196,"PHL",NA,"2016-04-24","2016-04-30",2016,1599,"Total","Admin0","Week","WHOWPRO-ALL-2017-W01-03"
"PHILIPPINES",NA,NA,"PHILIPPINES","PHL",196,"PHL",NA,"2016-05-01","2016-05-07",2016,1410,"Total","Admin0","Week","WHOWPRO-ALL-2017-W01-03"
"PHILIPPINES",NA,NA,"PHILIPPINES","PHL",196,"PHL",NA,"2016-05-08","2016-05-14",2016,1569,"Total","Admin0","Week","WHOWPRO-ALL-2017-W01-03"
"PHILIPPINES",NA,NA,"PHILIPPINES","PHL",196,"PHL",NA,"2016-05-15","2016-05-21",2016,1538,"Total","Admin0","Week","WHOWPRO-ALL-2017-W01-03"
"PHILIPPINES",NA,NA,"PHILIPPINES","PHL",196,"PHL",NA,"2016-05-22","2016-05-28",2016,1571,"Total","Admin0","Week","WHOWPRO-ALL-2017-W01-03"
"PHILIPPINES",NA,NA,"PHILIPPINES","PHL",196,"PHL",NA,"2016-05-29","2016-06-04",2016,2016,"Total","Admin0","Week","WHOWPRO-ALL-2017-W01-03"
"PHILIPPINES",NA,NA,"PHILIPPINES","PHL",196,"PHL",NA,"2016-06-05","2016-06-11",2016,2366,"Total","Admin0","Week","WHOWPRO-ALL-2017-W01-03"
"PHILIPPINES",NA,NA,"PHILIPPINES","PHL",196,"PHL",NA,"2016-06-12","2016-06-18",2016,2938,"Total","Admin0","Week","WHOWPRO-ALL-2017-W01-03"
"PHILIPPINES",NA,NA,"PHILIPPINES","PHL",196,"PHL",NA,"2016-06-19","2016-06-25",2016,3510,"Total","Admin0","Week","WHOWPRO-ALL-2017-W01-03"
"PHILIPPINES",NA,NA,"PHILIPPINES","PHL",196,"PHL",NA,"2016-06-26","2016-07-02",2016,4050,"Total","Admin0","Week","WHOWPRO-ALL-2017-W01-03"
"PHILIPPINES",NA,NA,"PHILIPPINES","PHL",196,"PHL",NA,"2016-07-03","2016-07-09",2016,4591,"Total","Admin0","Week","WHOWPRO-ALL-2017-W01-03"
"PHILIPPINES",NA,NA,"PHILIPPINES","PHL",196,"PHL",NA,"2016-07-10","2016-07-16",2016,5481,"Total","Admin0","Week","WHOWPRO-ALL-2017-W01-03"
"PHILIPPINES",NA,NA,"PHILIPPINES","PHL",196,"PHL",NA,"2016-07-17","2016-07-23",2016,7005,"Total","Admin0","Week","WHOWPRO-ALL-2017-W01-03"
"PHILIPPINES",NA,NA,"PHILIPPINES","PHL",196,"PHL",NA,"2016-07-24","2016-07-30",2016,8276,"Total","Admin0","Week","WHOWPRO-ALL-2017-W01-03"
"PHILIPPINES",NA,NA,"PHILIPPINES","PHL",196,"PHL",NA,"2016-07-31","2016-08-06",2016,8975,"Total","Admin0","Week","WHOWPRO-ALL-2017-W01-03"
"PHILIPPINES",NA,NA,"PHILIPPINES","PHL",196,"PHL",NA,"2016-08-07","2016-08-13",2016,8849,"Total","Admin0","Week","WHOWPRO-ALL-2017-W01-03"
"PHILIPPINES",NA,NA,"PHILIPPINES","PHL",196,"PHL",NA,"2016-08-14","2016-08-20",2016,8437,"Total","Admin0","Week","WHOWPRO-ALL-2017-W01-03"
"PHILIPPINES",NA,NA,"PHILIPPINES","PHL",196,"PHL",NA,"2016-08-21","2016-08-27",2016,8723,"Total","Admin0","Week","WHOWPRO-ALL-2017-W01-03"
"PHILIPPINES",NA,NA,"PHILIPPINES","PHL",196,"PHL",NA,"2016-08-28","2016-09-03",2016,8089,"Total","Admin0","Week","WHOWPRO-ALL-2017-W01-03"
"PHILIPPINES",NA,NA,"PHILIPPINES","PHL",196,"PHL",NA,"2016-09-04","2016-09-10",2016,7074,"Total","Admin0","Week","WHOWPRO-ALL-2017-W01-03"
"PHILIPPINES",NA,NA,"PHILIPPINES","PHL",196,"PHL",NA,"2016-09-11","2016-09-17",2016,6789,"Total","Admin0","Week","WHOWPRO-ALL-2017-W01-03"
"PHILIPPINES",NA,NA,"PHILIPPINES","PHL",196,"PHL",NA,"2016-09-18","2016-09-24",2016,6155,"Total","Admin0","Week","WHOWPRO-ALL-2017-W01-03"
"PHILIPPINES",NA,NA,"PHILIPPINES","PHL",196,"PHL",NA,"2016-09-25","2016-10-01",2016,4949,"Total","Admin0","Week","WHOWPRO-ALL-2017-W01-03"
"PHILIPPINES",NA,NA,"PHILIPPINES","PHL",196,"PHL",NA,"2016-10-02","2016-10-08",2016,4569,"Total","Admin0","Week","WHOWPRO-ALL-2017-W01-03"
"PHILIPPINES",NA,NA,"PHILIPPINES","PHL",196,"PHL",NA,"2016-10-09","2016-10-15",2016,4061,"Total","Admin0","Week","WHOWPRO-ALL-2017-W01-03"
"PHILIPPINES",NA,NA,"PHILIPPINES","PHL",196,"PHL",NA,"2016-10-16","2016-10-22",2016,2919,"Total","Admin0","Week","WHOWPRO-ALL-2017-W01-03"
"PHILIPPINES",NA,NA,"PHILIPPINES","PHL",196,"PHL",NA,"2016-10-23","2016-10-29",2016,1619,"Total","Admin0","Week","WHOWPRO-ALL-2017-W01-03"
"PHILIPPINES",NA,NA,"PHILIPPINES","PHL",196,"PHL",NA,"2016-10-30","2016-11-05",2016,286,"Total","Admin0","Week","WHOWPRO-ALL-2017-W01-03"
"PHILIPPINES",NA,NA,"PHILIPPINES","PHL",196,"PHL",NA,"2017-01-01","2017-01-07",2017,3872,"Total","Admin0","Week","WHOWPRO-ALL-2018-W01-03"
"PHILIPPINES",NA,NA,"PHILIPPINES","PHL",196,"PHL",NA,"2017-01-01","2017-12-31",2017,152224,"Total","Admin0","Year","LITERATURE-ALL-20112019-Y01-02"
"PHILIPPINES",NA,NA,"PHILIPPINES","PHL",196,"PHL",NA,"2017-01-08","2017-01-14",2017,3460,"Total","Admin0","Week","WHOWPRO-ALL-2018-W01-03"
"PHILIPPINES",NA,NA,"PHILIPPINES","PHL",196,"PHL",NA,"2017-01-15","2017-01-21",2017,3104,"Total","Admin0","Week","WHOWPRO-ALL-2018-W01-03"
"PHILIPPINES",NA,NA,"PHILIPPINES","PHL",196,"PHL",NA,"2017-01-22","2017-01-28",2017,2996,"Total","Admin0","Week","WHOWPRO-ALL-2018-W01-03"
"PHILIPPINES",NA,NA,"PHILIPPINES","PHL",196,"PHL",NA,"2017-01-29","2017-02-04",2017,2832,"Total","Admin0","Week","WHOWPRO-ALL-2018-W01-03"
"PHILIPPINES",NA,NA,"PHILIPPINES","PHL",196,"PHL",NA,"2017-02-05","2017-02-11",2017,2642,"Total","Admin0","Week","WHOWPRO-ALL-2018-W01-03"
"PHILIPPINES",NA,NA,"PHILIPPINES","PHL",196,"PHL",NA,"2017-02-12","2017-02-18",2017,2312,"Total","Admin0","Week","WHOWPRO-ALL-2018-W01-03"
"PHILIPPINES",NA,NA,"PHILIPPINES","PHL",196,"PHL",NA,"2017-02-19","2017-02-25",2017,2149,"Total","Admin0","Week","WHOWPRO-ALL-2018-W01-03"
"PHILIPPINES",NA,NA,"PHILIPPINES","PHL",196,"PHL",NA,"2017-02-26","2017-03-04",2017,2069,"Total","Admin0","Week","WHOWPRO-ALL-2018-W01-03"
"PHILIPPINES",NA,NA,"PHILIPPINES","PHL",196,"PHL",NA,"2017-03-05","2017-03-11",2017,1906,"Total","Admin0","Week","WHOWPRO-ALL-2018-W01-03"
"PHILIPPINES",NA,NA,"PHILIPPINES","PHL",196,"PHL",NA,"2017-03-12","2017-03-18",2017,1577,"Total","Admin0","Week","WHOWPRO-ALL-2018-W01-03"
"PHILIPPINES",NA,NA,"PHILIPPINES","PHL",196,"PHL",NA,"2017-03-19","2017-03-25",2017,1718,"Total","Admin0","Week","WHOWPRO-ALL-2018-W01-03"
"PHILIPPINES",NA,NA,"PHILIPPINES","PHL",196,"PHL",NA,"2017-03-26","2017-04-01",2017,1416,"Total","Admin0","Week","WHOWPRO-ALL-2018-W01-03"
"PHILIPPINES",NA,NA,"PHILIPPINES","PHL",196,"PHL",NA,"2017-04-02","2017-04-08",2017,1474,"Total","Admin0","Week","WHOWPRO-ALL-2018-W01-03"
"PHILIPPINES",NA,NA,"PHILIPPINES","PHL",196,"PHL",NA,"2017-04-09","2017-04-15",2017,1201,"Total","Admin0","Week","WHOWPRO-ALL-2018-W01-03"
"PHILIPPINES",NA,NA,"PHILIPPINES","PHL",196,"PHL",NA,"2017-04-16","2017-04-22",2017,1258,"Total","Admin0","Week","WHOWPRO-ALL-2018-W01-03"
"PHILIPPINES",NA,NA,"PHILIPPINES","PHL",196,"PHL",NA,"2017-04-23","2017-04-29",2017,1206,"Total","Admin0","Week","WHOWPRO-ALL-2018-W01-03"
"PHILIPPINES",NA,NA,"PHILIPPINES","PHL",196,"PHL",NA,"2017-04-30","2017-05-06",2017,1181,"Total","Admin0","Week","WHOWPRO-ALL-2018-W01-03"
"PHILIPPINES",NA,NA,"PHILIPPINES","PHL",196,"PHL",NA,"2017-05-07","2017-05-13",2017,1212,"Total","Admin0","Week","WHOWPRO-ALL-2018-W01-03"
"PHILIPPINES",NA,NA,"PHILIPPINES","PHL",196,"PHL",NA,"2017-05-14","2017-05-20",2017,1242,"Total","Admin0","Week","WHOWPRO-ALL-2018-W01-03"
"PHILIPPINES",NA,NA,"PHILIPPINES","PHL",196,"PHL",NA,"2017-05-21","2017-05-27",2017,1106,"Total","Admin0","Week","WHOWPRO-ALL-2018-W01-03"
"PHILIPPINES",NA,NA,"PHILIPPINES","PHL",196,"PHL",NA,"2017-05-28","2017-06-03",2017,1219,"Total","Admin0","Week","WHOWPRO-ALL-2018-W01-03"
"PHILIPPINES",NA,NA,"PHILIPPINES","PHL",196,"PHL",NA,"2017-06-04","2017-06-10",2017,1748,"Total","Admin0","Week","WHOWPRO-ALL-2018-W01-03"
"PHILIPPINES",NA,NA,"PHILIPPINES","PHL",196,"PHL",NA,"2017-06-11","2017-06-17",2017,2110,"Total","Admin0","Week","WHOWPRO-ALL-2018-W01-03"
"PHILIPPINES",NA,NA,"PHILIPPINES","PHL",196,"PHL",NA,"2017-06-18","2017-06-24",2017,2472,"Total","Admin0","Week","WHOWPRO-ALL-2018-W01-03"
"PHILIPPINES",NA,NA,"PHILIPPINES","PHL",196,"PHL",NA,"2017-06-25","2017-07-01",2017,2723,"Total","Admin0","Week","WHOWPRO-ALL-2018-W01-03"
"PHILIPPINES",NA,NA,"PHILIPPINES","PHL",196,"PHL",NA,"2017-07-02","2017-07-08",2017,3141,"Total","Admin0","Week","WHOWPRO-ALL-2018-W01-03"
"PHILIPPINES",NA,NA,"PHILIPPINES","PHL",196,"PHL",NA,"2017-07-09","2017-07-15",2017,3420,"Total","Admin0","Week","WHOWPRO-ALL-2018-W01-03"
"PHILIPPINES",NA,NA,"PHILIPPINES","PHL",196,"PHL",NA,"2017-07-16","2017-07-22",2017,4197,"Total","Admin0","Week","WHOWPRO-ALL-2018-W01-03"
"PHILIPPINES",NA,NA,"PHILIPPINES","PHL",196,"PHL",NA,"2017-07-23","2017-07-29",2017,4642,"Total","Admin0","Week","WHOWPRO-ALL-2018-W01-03"
"PHILIPPINES",NA,NA,"PHILIPPINES","PHL",196,"PHL",NA,"2017-07-30","2017-08-05",2017,4977,"Total","Admin0","Week","WHOWPRO-ALL-2018-W01-03"
"PHILIPPINES",NA,NA,"PHILIPPINES","PHL",196,"PHL",NA,"2017-08-06","2017-08-12",2017,6334,"Total","Admin0","Week","WHOWPRO-ALL-2018-W01-03"
"PHILIPPINES",NA,NA,"PHILIPPINES","PHL",196,"PHL",NA,"2017-08-13","2017-08-19",2017,6060,"Total","Admin0","Week","WHOWPRO-ALL-2018-W01-03"
"PHILIPPINES",NA,NA,"PHILIPPINES","PHL",196,"PHL",NA,"2017-08-20","2017-08-26",2017,5593,"Total","Admin0","Week","WHOWPRO-ALL-2018-W01-03"
"PHILIPPINES",NA,NA,"PHILIPPINES","PHL",196,"PHL",NA,"2017-08-27","2017-09-02",2017,4794,"Total","Admin0","Week","WHOWPRO-ALL-2018-W01-03"
"PHILIPPINES",NA,NA,"PHILIPPINES","PHL",196,"PHL",NA,"2017-09-03","2017-09-09",2017,4797,"Total","Admin0","Week","WHOWPRO-ALL-2018-W01-03"
"PHILIPPINES",NA,NA,"PHILIPPINES","PHL",196,"PHL",NA,"2017-09-10","2017-09-16",2017,4025,"Total","Admin0","Week","WHOWPRO-ALL-2018-W01-03"
"PHILIPPINES",NA,NA,"PHILIPPINES","PHL",196,"PHL",NA,"2017-09-17","2017-09-23",2017,3807,"Total","Admin0","Week","WHOWPRO-ALL-2018-W01-03"
"PHILIPPINES",NA,NA,"PHILIPPINES","PHL",196,"PHL",NA,"2017-09-24","2017-09-30",2017,3422,"Total","Admin0","Week","WHOWPRO-ALL-2018-W01-03"
"PHILIPPINES",NA,NA,"PHILIPPINES","PHL",196,"PHL",NA,"2017-10-01","2017-10-07",2017,3120,"Total","Admin0","Week","WHOWPRO-ALL-2018-W01-03"
"PHILIPPINES",NA,NA,"PHILIPPINES","PHL",196,"PHL",NA,"2017-10-08","2017-10-14",2017,2985,"Total","Admin0","Week","WHOWPRO-ALL-2018-W01-03"
"PHILIPPINES",NA,NA,"PHILIPPINES","PHL",196,"PHL",NA,"2017-10-15","2017-10-21",2017,2822,"Total","Admin0","Week","WHOWPRO-ALL-2018-W01-03"
"PHILIPPINES",NA,NA,"PHILIPPINES","PHL",196,"PHL",NA,"2017-10-22","2017-10-28",2017,3129,"Total","Admin0","Week","WHOWPRO-ALL-2018-W01-03"
"PHILIPPINES",NA,NA,"PHILIPPINES","PHL",196,"PHL",NA,"2017-10-29","2017-11-04",2017,2634,"Total","Admin0","Week","WHOWPRO-ALL-2018-W01-03"
"PHILIPPINES",NA,NA,"PHILIPPINES","PHL",196,"PHL",NA,"2017-11-05","2017-11-11",2017,2747,"Total","Admin0","Week","WHOWPRO-ALL-2018-W01-03"
"PHILIPPINES",NA,NA,"PHILIPPINES","PHL",196,"PHL",NA,"2017-11-12","2017-11-18",2017,2363,"Total","Admin0","Week","WHOWPRO-ALL-2018-W01-03"
"PHILIPPINES",NA,NA,"PHILIPPINES","PHL",196,"PHL",NA,"2017-11-19","2017-11-25",2017,1370,"Total","Admin0","Week","WHOWPRO-ALL-2018-W01-03"
"PHILIPPINES",NA,NA,"PHILIPPINES","PHL",196,"PHL",NA,"2017-11-26","2017-12-02",2017,350,"Total","Admin0","Week","WHOWPRO-ALL-2018-W01-03"
"PHILIPPINES",NA,NA,"PHILIPPINES","PHL",196,"PHL",NA,"2017-12-31","2018-01-06",2017,2794,"Total","Admin0","Week","WHOWPRO-ALL-2019-W01-03"
"PHILIPPINES",NA,NA,"PHILIPPINES","PHL",196,"PHL",NA,"2018-01-01","2018-12-31",2018,216190,"Total","Admin0","Year","LITERATURE-ALL-20112019-Y01-02"
"PHILIPPINES",NA,NA,"PHILIPPINES","PHL",196,"PHL",NA,"2018-01-07","2018-01-13",2018,3211,"Total","Admin0","Week","WHOWPRO-ALL-2019-W01-03"
"PHILIPPINES",NA,NA,"PHILIPPINES","PHL",196,"PHL",NA,"2018-01-14","2018-01-20",2018,3177,"Total","Admin0","Week","WHOWPRO-ALL-2019-W01-03"
"PHILIPPINES",NA,NA,"PHILIPPINES","PHL",196,"PHL",NA,"2018-01-21","2018-01-27",2018,3067,"Total","Admin0","Week","WHOWPRO-ALL-2019-W01-03"
"PHILIPPINES",NA,NA,"PHILIPPINES","PHL",196,"PHL",NA,"2018-01-28","2018-02-03",2018,2995,"Total","Admin0","Week","WHOWPRO-ALL-2019-W01-03"
"PHILIPPINES",NA,NA,"PHILIPPINES","PHL",196,"PHL",NA,"2018-02-04","2018-02-10",2018,2696,"Total","Admin0","Week","WHOWPRO-ALL-2019-W01-03"
"PHILIPPINES",NA,NA,"PHILIPPINES","PHL",196,"PHL",NA,"2018-02-11","2018-02-17",2018,2133,"Total","Admin0","Week","WHOWPRO-ALL-2019-W01-03"
"PHILIPPINES",NA,NA,"PHILIPPINES","PHL",196,"PHL",NA,"2018-02-18","2018-02-24",2018,2287,"Total","Admin0","Week","WHOWPRO-ALL-2019-W01-03"
"PHILIPPINES",NA,NA,"PHILIPPINES","PHL",196,"PHL",NA,"2018-02-25","2018-03-03",2018,2290,"Total","Admin0","Week","WHOWPRO-ALL-2019-W01-03"
"PHILIPPINES",NA,NA,"PHILIPPINES","PHL",196,"PHL",NA,"2018-03-04","2018-03-10",2018,2142,"Total","Admin0","Week","WHOWPRO-ALL-2019-W01-03"
"PHILIPPINES",NA,NA,"PHILIPPINES","PHL",196,"PHL",NA,"2018-03-11","2018-03-17",2018,1881,"Total","Admin0","Week","WHOWPRO-ALL-2019-W01-03"
"PHILIPPINES",NA,NA,"PHILIPPINES","PHL",196,"PHL",NA,"2018-03-18","2018-03-24",2018,1469,"Total","Admin0","Week","WHOWPRO-ALL-2019-W01-03"
"PHILIPPINES",NA,NA,"PHILIPPINES","PHL",196,"PHL",NA,"2018-03-25","2018-03-31",2018,1472,"Total","Admin0","Week","WHOWPRO-ALL-2019-W01-03"
"PHILIPPINES",NA,NA,"PHILIPPINES","PHL",196,"PHL",NA,"2018-04-01","2018-04-07",2018,1437,"Total","Admin0","Week","WHOWPRO-ALL-2019-W01-03"
"PHILIPPINES",NA,NA,"PHILIPPINES","PHL",196,"PHL",NA,"2018-04-08","2018-04-14",2018,1364,"Total","Admin0","Week","WHOWPRO-ALL-2019-W01-03"
"PHILIPPINES",NA,NA,"PHILIPPINES","PHL",196,"PHL",NA,"2018-04-15","2018-04-21",2018,1367,"Total","Admin0","Week","WHOWPRO-ALL-2019-W01-03"
"PHILIPPINES",NA,NA,"PHILIPPINES","PHL",196,"PHL",NA,"2018-04-22","2018-04-28",2018,1408,"Total","Admin0","Week","WHOWPRO-ALL-2019-W01-03"
"PHILIPPINES",NA,NA,"PHILIPPINES","PHL",196,"PHL",NA,"2018-04-29","2018-05-05",2018,1411,"Total","Admin0","Week","WHOWPRO-ALL-2019-W01-03"
"PHILIPPINES",NA,NA,"PHILIPPINES","PHL",196,"PHL",NA,"2018-05-06","2018-05-12",2018,1528,"Total","Admin0","Week","WHOWPRO-ALL-2019-W01-03"
"PHILIPPINES",NA,NA,"PHILIPPINES","PHL",196,"PHL",NA,"2018-05-13","2018-05-19",2018,1757,"Total","Admin0","Week","WHOWPRO-ALL-2019-W01-03"
"PHILIPPINES",NA,NA,"PHILIPPINES","PHL",196,"PHL",NA,"2018-05-20","2018-05-26",2018,1873,"Total","Admin0","Week","WHOWPRO-ALL-2019-W01-03"
"PHILIPPINES",NA,NA,"PHILIPPINES","PHL",196,"PHL",NA,"2018-05-27","2018-06-02",2018,2103,"Total","Admin0","Week","WHOWPRO-ALL-2019-W01-03"
"PHILIPPINES",NA,NA,"PHILIPPINES","PHL",196,"PHL",NA,"2018-06-03","2018-06-09",2018,2596,"Total","Admin0","Week","WHOWPRO-ALL-2019-W01-03"
"PHILIPPINES",NA,NA,"PHILIPPINES","PHL",196,"PHL",NA,"2018-06-10","2018-06-16",2018,2524,"Total","Admin0","Week","WHOWPRO-ALL-2019-W01-03"
"PHILIPPINES",NA,NA,"PHILIPPINES","PHL",196,"PHL",NA,"2018-06-17","2018-06-23",2018,3508,"Total","Admin0","Week","WHOWPRO-ALL-2019-W01-03"
"PHILIPPINES",NA,NA,"PHILIPPINES","PHL",196,"PHL",NA,"2018-06-24","2018-06-30",2018,4190,"Total","Admin0","Week","WHOWPRO-ALL-2019-W01-03"
"PHILIPPINES",NA,NA,"PHILIPPINES","PHL",196,"PHL",NA,"2018-07-01","2018-07-07",2018,4835,"Total","Admin0","Week","WHOWPRO-ALL-2019-W01-03"
"PHILIPPINES",NA,NA,"PHILIPPINES","PHL",196,"PHL",NA,"2018-07-08","2018-07-14",2018,5555,"Total","Admin0","Week","WHOWPRO-ALL-2019-W01-03"
"PHILIPPINES",NA,NA,"PHILIPPINES","PHL",196,"PHL",NA,"2018-07-15","2018-07-21",2018,6161,"Total","Admin0","Week","WHOWPRO-ALL-2019-W01-03"
"PHILIPPINES",NA,NA,"PHILIPPINES","PHL",196,"PHL",NA,"2018-07-22","2018-07-28",2018,6580,"Total","Admin0","Week","WHOWPRO-ALL-2019-W01-03"
"PHILIPPINES",NA,NA,"PHILIPPINES","PHL",196,"PHL",NA,"2018-07-29","2018-08-04",2018,7224,"Total","Admin0","Week","WHOWPRO-ALL-2019-W01-03"
"PHILIPPINES",NA,NA,"PHILIPPINES","PHL",196,"PHL",NA,"2018-08-05","2018-08-11",2018,7869,"Total","Admin0","Week","WHOWPRO-ALL-2019-W01-03"
"PHILIPPINES",NA,NA,"PHILIPPINES","PHL",196,"PHL",NA,"2018-08-12","2018-08-18",2018,7494,"Total","Admin0","Week","WHOWPRO-ALL-2019-W01-03"
"PHILIPPINES",NA,NA,"PHILIPPINES","PHL",196,"PHL",NA,"2018-08-19","2018-08-25",2018,7233,"Total","Admin0","Week","WHOWPRO-ALL-2019-W01-03"
"PHILIPPINES",NA,NA,"PHILIPPINES","PHL",196,"PHL",NA,"2018-08-26","2018-09-01",2018,7387,"Total","Admin0","Week","WHOWPRO-ALL-2019-W01-03"
"PHILIPPINES",NA,NA,"PHILIPPINES","PHL",196,"PHL",NA,"2018-09-02","2018-09-08",2018,7126,"Total","Admin0","Week","WHOWPRO-ALL-2019-W01-03"
"PHILIPPINES",NA,NA,"PHILIPPINES","PHL",196,"PHL",NA,"2018-09-09","2018-09-15",2018,6186,"Total","Admin0","Week","WHOWPRO-ALL-2019-W01-03"
"PHILIPPINES",NA,NA,"PHILIPPINES","PHL",196,"PHL",NA,"2018-09-16","2018-09-22",2018,6490,"Total","Admin0","Week","WHOWPRO-ALL-2019-W01-03"
"PHILIPPINES",NA,NA,"PHILIPPINES","PHL",196,"PHL",NA,"2018-09-23","2018-09-29",2018,6531,"Total","Admin0","Week","WHOWPRO-ALL-2019-W01-03"
"PHILIPPINES",NA,NA,"PHILIPPINES","PHL",196,"PHL",NA,"2018-09-30","2018-10-06",2018,6459,"Total","Admin0","Week","WHOWPRO-ALL-2019-W01-03"
"PHILIPPINES",NA,NA,"PHILIPPINES","PHL",196,"PHL",NA,"2018-10-07","2018-10-13",2018,7254,"Total","Admin0","Week","WHOWPRO-ALL-2019-W01-03"
"PHILIPPINES",NA,NA,"PHILIPPINES","PHL",196,"PHL",NA,"2018-10-14","2018-10-20",2018,6918,"Total","Admin0","Week","WHOWPRO-ALL-2019-W01-03"
"PHILIPPINES",NA,NA,"PHILIPPINES","PHL",196,"PHL",NA,"2018-10-21","2018-10-27",2018,6694,"Total","Admin0","Week","WHOWPRO-ALL-2019-W01-03"
"PHILIPPINES",NA,NA,"PHILIPPINES","PHL",196,"PHL",NA,"2018-10-28","2018-11-03",2018,6660,"Total","Admin0","Week","WHOWPRO-ALL-2019-W01-03"
"PHILIPPINES",NA,NA,"PHILIPPINES","PHL",196,"PHL",NA,"2018-11-04","2018-11-10",2018,6663,"Total","Admin0","Week","WHOWPRO-ALL-2019-W01-03"
"PHILIPPINES",NA,NA,"PHILIPPINES","PHL",196,"PHL",NA,"2018-11-11","2018-11-17",2018,6628,"Total","Admin0","Week","WHOWPRO-ALL-2019-W01-03"
"PHILIPPINES",NA,NA,"PHILIPPINES","PHL",196,"PHL",NA,"2018-11-18","2018-11-24",2018,6065,"Total","Admin0","Week","WHOWPRO-ALL-2019-W01-03"
"PHILIPPINES",NA,NA,"PHILIPPINES","PHL",196,"PHL",NA,"2018-11-25","2018-12-01",2018,5388,"Total","Admin0","Week","WHOWPRO-ALL-2019-W01-03"
"PHILIPPINES",NA,NA,"PHILIPPINES","PHL",196,"PHL",NA,"2018-12-02","2018-12-08",2018,4675,"Total","Admin0","Week","WHOWPRO-ALL-2019-W01-03"
"PHILIPPINES",NA,NA,"PHILIPPINES","PHL",196,"PHL",NA,"2018-12-09","2018-12-15",2018,3432,"Total","Admin0","Week","WHOWPRO-ALL-2019-W01-03"
"PHILIPPINES",NA,NA,"PHILIPPINES","PHL",196,"PHL",NA,"2018-12-16","2018-12-22",2018,718,"Total","Admin0","Week","WHOWPRO-ALL-2019-W01-03"
"PHILIPPINES",NA,NA,"PHILIPPINES","PHL",196,"PHL",NA,"2018-12-30","2019-01-05",2018,5629,"Total","Admin0","Week","MOH-PHL-2019-Y02-00"
"PHILIPPINES",NA,NA,"PHILIPPINES","PHL",196,"PHL",NA,"2019-01-01","2019-12-31",2019,437563,"Total","Admin0","Year","LITERATURE-ALL-20112019-Y01-02"
"PHILIPPINES",NA,NA,"PHILIPPINES","PHL",196,"PHL",NA,"2019-01-06","2019-01-12",2019,7891,"Total","Admin0","Week","MOH-PHL-2019-Y02-00"
"PHILIPPINES",NA,NA,"PHILIPPINES","PHL",196,"PHL",NA,"2019-01-13","2019-01-19",2019,7726,"Total","Admin0","Week","MOH-PHL-2019-Y02-00"
"PHILIPPINES",NA,NA,"PHILIPPINES","PHL",196,"PHL",NA,"2019-01-20","2019-01-26",2019,6953,"Total","Admin0","Week","MOH-PHL-2019-Y02-00"
"PHILIPPINES",NA,NA,"PHILIPPINES","PHL",196,"PHL",NA,"2019-01-27","2019-02-02",2019,6898,"Total","Admin0","Week","MOH-PHL-2019-Y02-00"
"PHILIPPINES",NA,NA,"PHILIPPINES","PHL",196,"PHL",NA,"2019-02-03","2019-02-09",2019,6015,"Total","Admin0","Week","MOH-PHL-2019-Y02-00"
"PHILIPPINES",NA,NA,"PHILIPPINES","PHL",196,"PHL",NA,"2019-02-10","2019-02-16",2019,5408,"Total","Admin0","Week","MOH-PHL-2019-Y02-00"
"PHILIPPINES",NA,NA,"PHILIPPINES","PHL",196,"PHL",NA,"2019-02-17","2019-02-23",2019,4856,"Total","Admin0","Week","MOH-PHL-2019-Y02-00"
"PHILIPPINES",NA,NA,"PHILIPPINES","PHL",196,"PHL",NA,"2019-02-24","2019-03-02",2019,4249,"Total","Admin0","Week","MOH-PHL-2019-Y02-00"
"PHILIPPINES",NA,NA,"PHILIPPINES","PHL",196,"PHL",NA,"2019-03-03","2019-03-09",2019,3973,"Total","Admin0","Week","MOH-PHL-2019-Y02-00"
"PHILIPPINES",NA,NA,"PHILIPPINES","PHL",196,"PHL",NA,"2019-03-10","2019-03-16",2019,3642,"Total","Admin0","Week","MOH-PHL-2019-Y02-00"
"PHILIPPINES",NA,NA,"PHILIPPINES","PHL",196,"PHL",NA,"2019-03-17","2019-03-23",2019,3145,"Total","Admin0","Week","MOH-PHL-2019-Y02-00"
"PHILIPPINES",NA,NA,"PHILIPPINES","PHL",196,"PHL",NA,"2019-03-24","2019-03-30",2019,2538,"Total","Admin0","Week","MOH-PHL-2019-Y02-00"
"PHILIPPINES",NA,NA,"PHILIPPINES","PHL",196,"PHL",NA,"2019-03-31","2019-04-06",2019,2428,"Total","Admin0","Week","MOH-PHL-2019-Y02-00"
"PHILIPPINES",NA,NA,"PHILIPPINES","PHL",196,"PHL",NA,"2019-04-07","2019-04-13",2019,2097,"Total","Admin0","Week","MOH-PHL-2019-Y02-00"
"PHILIPPINES",NA,NA,"PHILIPPINES","PHL",196,"PHL",NA,"2019-04-14","2019-04-20",2019,2041,"Total","Admin0","Week","MOH-PHL-2019-Y02-00"
"PHILIPPINES",NA,NA,"PHILIPPINES","PHL",196,"PHL",NA,"2019-04-21","2019-04-27",2019,2428,"Total","Admin0","Week","MOH-PHL-2019-Y02-00"
"PHILIPPINES",NA,NA,"PHILIPPINES","PHL",196,"PHL",NA,"2019-04-28","2019-05-04",2019,2538,"Total","Admin0","Week","MOH-PHL-2019-Y02-00"
"PHILIPPINES",NA,NA,"PHILIPPINES","PHL",196,"PHL",NA,"2019-05-05","2019-05-11",2019,2649,"Total","Admin0","Week","MOH-PHL-2019-Y02-00"
"PHILIPPINES",NA,NA,"PHILIPPINES","PHL",196,"PHL",NA,"2019-05-12","2019-05-18",2019,2869,"Total","Admin0","Week","MOH-PHL-2019-Y02-00"
"PHILIPPINES",NA,NA,"PHILIPPINES","PHL",196,"PHL",NA,"2019-05-19","2019-05-25",2019,3090,"Total","Admin0","Week","MOH-PHL-2019-Y02-00"
"PHILIPPINES",NA,NA,"PHILIPPINES","PHL",196,"PHL",NA,"2019-05-26","2019-06-01",2019,3752,"Total","Admin0","Week","MOH-PHL-2019-Y02-00"
"PHILIPPINES",NA,NA,"PHILIPPINES","PHL",196,"PHL",NA,"2019-06-02","2019-06-08",2019,4690,"Total","Admin0","Week","MOH-PHL-2019-Y02-00"
"PHILIPPINES",NA,NA,"PHILIPPINES","PHL",196,"PHL",NA,"2019-06-09","2019-06-15",2019,5849,"Total","Admin0","Week","MOH-PHL-2019-Y02-00"
"PHILIPPINES",NA,NA,"PHILIPPINES","PHL",196,"PHL",NA,"2019-06-16","2019-06-22",2019,7836,"Total","Admin0","Week","MOH-PHL-2019-Y02-00"
"PHILIPPINES",NA,NA,"PHILIPPINES","PHL",196,"PHL",NA,"2019-06-23","2019-06-29",2019,9326,"Total","Admin0","Week","MOH-PHL-2019-Y02-00"
"PHILIPPINES",NA,NA,"PHILIPPINES","PHL",196,"PHL",NA,"2019-06-30","2019-07-06",2019,11644,"Total","Admin0","Week","MOH-PHL-2019-Y02-00"
"PHILIPPINES",NA,NA,"PHILIPPINES","PHL",196,"PHL",NA,"2019-07-07","2019-07-13",2019,14403,"Total","Admin0","Week","MOH-PHL-2019-Y02-00"
"PHILIPPINES",NA,NA,"PHILIPPINES","PHL",196,"PHL",NA,"2019-07-14","2019-07-20",2019,17052,"Total","Admin0","Week","MOH-PHL-2019-Y02-00"
"PHILIPPINES",NA,NA,"PHILIPPINES","PHL",196,"PHL",NA,"2019-07-21","2019-07-27",2019,20419,"Total","Admin0","Week","MOH-PHL-2019-Y02-00"
"PHILIPPINES",NA,NA,"PHILIPPINES","PHL",196,"PHL",NA,"2019-07-28","2019-08-03",2019,21743,"Total","Admin0","Week","MOH-PHL-2019-Y02-00"
"PHILIPPINES",NA,NA,"PHILIPPINES","PHL",196,"PHL",NA,"2019-08-04","2019-08-10",2019,20419,"Total","Admin0","Week","MOH-PHL-2019-Y02-00"
"PHILIPPINES",NA,NA,"PHILIPPINES","PHL",196,"PHL",NA,"2019-08-11","2019-08-17",2019,20584,"Total","Admin0","Week","MOH-PHL-2019-Y02-00"
"PHILIPPINES",NA,NA,"PHILIPPINES","PHL",196,"PHL",NA,"2019-08-18","2019-08-24",2019,20916,"Total","Admin0","Week","MOH-PHL-2019-Y02-00"
"PHILIPPINES",NA,NA,"PHILIPPINES","PHL",196,"PHL",NA,"2019-08-25","2019-08-31",2019,19481,"Total","Admin0","Week","MOH-PHL-2019-Y02-00"
"PHILIPPINES",NA,NA,"PHILIPPINES","PHL",196,"PHL",NA,"2019-09-01","2019-09-07",2019,19867,"Total","Admin0","Week","MOH-PHL-2019-Y02-00"
"PHILIPPINES",NA,NA,"PHILIPPINES","PHL",196,"PHL",NA,"2019-09-08","2019-09-14",2019,15397,"Total","Admin0","Week","MOH-PHL-2019-Y02-00"
"PHILIPPINES",NA,NA,"PHILIPPINES","PHL",196,"PHL",NA,"2019-09-15","2019-09-21",2019,13686,"Total","Admin0","Week","MOH-PHL-2019-Y02-00"
"PHILIPPINES",NA,NA,"PHILIPPINES","PHL",196,"PHL",NA,"2019-09-22","2019-09-28",2019,13024,"Total","Admin0","Week","MOH-PHL-2019-Y02-00"
"PHILIPPINES",NA,NA,"PHILIPPINES","PHL",196,"PHL",NA,"2019-09-29","2019-10-05",2019,11865,"Total","Admin0","Week","MOH-PHL-2019-Y02-00"
"PHILIPPINES",NA,NA,"PHILIPPINES","PHL",196,"PHL",NA,"2019-10-06","2019-10-12",2019,11534,"Total","Admin0","Week","MOH-PHL-2019-Y02-00"
"PHILIPPINES",NA,NA,"PHILIPPINES","PHL",196,"PHL",NA,"2019-10-13","2019-10-19",2019,9713,"Total","Admin0","Week","MOH-PHL-2019-Y02-00"
"PHILIPPINES",NA,NA,"PHILIPPINES","PHL",196,"PHL",NA,"2019-10-20","2019-10-26",2019,7891,"Total","Admin0","Week","MOH-PHL-2019-Y02-00"
"PHILIPPINES",NA,NA,"PHILIPPINES","PHL",196,"PHL",NA,"2019-10-27","2019-11-02",2019,7395,"Total","Admin0","Week","MOH-PHL-2019-Y02-00"
"PHILIPPINES",NA,NA,"PHILIPPINES","PHL",196,"PHL",NA,"2019-11-03","2019-11-09",2019,7119,"Total","Admin0","Week","MOH-PHL-2019-Y02-00"
"PHILIPPINES",NA,NA,"PHILIPPINES","PHL",196,"PHL",NA,"2019-11-10","2019-11-16",2019,6677,"Total","Admin0","Week","MOH-PHL-2019-Y02-00"
"PHILIPPINES",NA,NA,"PHILIPPINES","PHL",196,"PHL",NA,"2019-11-17","2019-11-23",2019,5573,"Total","Admin0","Week","MOH-PHL-2019-Y02-00"
"PHILIPPINES",NA,NA,"PHILIPPINES","PHL",196,"PHL",NA,"2019-11-24","2019-11-30",2019,5187,"Total","Admin0","Week","MOH-PHL-2019-Y02-00"
"PHILIPPINES",NA,NA,"PHILIPPINES","PHL",196,"PHL",NA,"2019-12-01","2019-12-07",2019,5022,"Total","Admin0","Week","MOH-PHL-2019-Y02-00"
"PHILIPPINES",NA,NA,"PHILIPPINES","PHL",196,"PHL",NA,"2019-12-08","2019-12-14",2019,4580,"Total","Admin0","Week","MOH-PHL-2019-Y02-00"
"PHILIPPINES",NA,NA,"PHILIPPINES","PHL",196,"PHL",NA,"2019-12-15","2019-12-21",2019,3532,"Total","Admin0","Week","MOH-PHL-2019-Y02-00"
"PHILIPPINES",NA,NA,"PHILIPPINES","PHL",196,"PHL",NA,"2019-12-22","2019-12-28",2019,2538,"Total","Admin0","Week","MOH-PHL-2019-Y02-00"
"PHILIPPINES",NA,NA,"PHILIPPINES","PHL",196,"PHL",NA,"2019-12-29","2020-01-04",2019,3084,"Total","Admin0","Week","MOH-PHL-2020-Y02-01"
"PHILIPPINES",NA,NA,"PHILIPPINES","PHL",196,"PHL",NA,"2020-01-01","2020-12-31",2020,88595,"Total","Admin0","Year","MOH-PHL-2021-Y02-02"
"PHILIPPINES",NA,NA,"PHILIPPINES","PHL",196,"PHL",NA,"2021-01-01","2021-12-31",2021,79592,"Total","Admin0","Year","MOH-PHL-2021-Y02-02"
"PHILIPPINES",NA,NA,"PHILIPPINES","PHL",196,"PHL",NA,"2022-01-02","2022-01-08",2022,1685,"Total","Admin0","Week","WHOWPRO-ALL-2023-W01-01"
"PHILIPPINES",NA,NA,"PHILIPPINES","PHL",196,"PHL",NA,"2022-01-09","2022-01-15",2022,1146,"Total","Admin0","Week","WHOWPRO-ALL-2023-W01-01"
"PHILIPPINES",NA,NA,"PHILIPPINES","PHL",196,"PHL",NA,"2022-01-16","2022-01-22",2022,1143,"Total","Admin0","Week","WHOWPRO-ALL-2023-W01-01"
"PHILIPPINES",NA,NA,"PHILIPPINES","PHL",196,"PHL",NA,"2022-01-23","2022-01-29",2022,1034,"Total","Admin0","Week","WHOWPRO-ALL-2023-W01-01"
"PHILIPPINES",NA,NA,"PHILIPPINES","PHL",196,"PHL",NA,"2022-01-30","2022-02-05",2022,1459,"Total","Admin0","Week","WHOWPRO-ALL-2023-W01-01"
"PHILIPPINES",NA,NA,"PHILIPPINES","PHL",196,"PHL",NA,"2022-02-06","2022-02-12",2022,1243,"Total","Admin0","Week","WHOWPRO-ALL-2023-W01-01"
"PHILIPPINES",NA,NA,"PHILIPPINES","PHL",196,"PHL",NA,"2022-02-13","2022-02-19",2022,1418,"Total","Admin0","Week","WHOWPRO-ALL-2023-W01-01"
"PHILIPPINES",NA,NA,"PHILIPPINES","PHL",196,"PHL",NA,"2022-02-20","2022-02-26",2022,1344,"Total","Admin0","Week","WHOWPRO-ALL-2023-W01-01"
"PHILIPPINES",NA,NA,"PHILIPPINES","PHL",196,"PHL",NA,"2022-02-27","2022-03-05",2022,1484,"Total","Admin0","Week","WHOWPRO-ALL-2023-W01-01"
"PHILIPPINES",NA,NA,"PHILIPPINES","PHL",196,"PHL",NA,"2022-03-06","2022-03-12",2022,1553,"Total","Admin0","Week","WHOWPRO-ALL-2023-W01-01"
"PHILIPPINES",NA,NA,"PHILIPPINES","PHL",196,"PHL",NA,"2022-03-13","2022-03-19",2022,1622,"Total","Admin0","Week","WHOWPRO-ALL-2023-W01-01"
"PHILIPPINES",NA,NA,"PHILIPPINES","PHL",196,"PHL",NA,"2022-03-20","2022-03-26",2022,1905,"Total","Admin0","Week","WHOWPRO-ALL-2023-W01-01"
"PHILIPPINES",NA,NA,"PHILIPPINES","PHL",196,"PHL",NA,"2022-03-27","2022-04-02",2022,2152,"Total","Admin0","Week","WHOWPRO-ALL-2023-W01-01"
"PHILIPPINES",NA,NA,"PHILIPPINES","PHL",196,"PHL",NA,"2022-04-03","2022-04-09",2022,2293,"Total","Admin0","Week","WHOWPRO-ALL-2023-W01-01"
"PHILIPPINES",NA,NA,"PHILIPPINES","PHL",196,"PHL",NA,"2022-04-10","2022-04-16",2022,2326,"Total","Admin0","Week","WHOWPRO-ALL-2023-W01-01"
"PHILIPPINES",NA,NA,"PHILIPPINES","PHL",196,"PHL",NA,"2022-04-17","2022-04-23",2022,2716,"Total","Admin0","Week","WHOWPRO-ALL-2023-W01-01"
"PHILIPPINES",NA,NA,"PHILIPPINES","PHL",196,"PHL",NA,"2022-04-24","2022-04-30",2022,2677,"Total","Admin0","Week","WHOWPRO-ALL-2023-W01-01"
"PHILIPPINES",NA,NA,"PHILIPPINES","PHL",196,"PHL",NA,"2022-05-01","2022-05-07",2022,3389,"Total","Admin0","Week","WHOWPRO-ALL-2023-W01-01"
"PHILIPPINES",NA,NA,"PHILIPPINES","PHL",196,"PHL",NA,"2022-05-08","2022-05-14",2022,3958,"Total","Admin0","Week","WHOWPRO-ALL-2023-W01-01"
"PHILIPPINES",NA,NA,"PHILIPPINES","PHL",196,"PHL",NA,"2022-05-15","2022-05-21",2022,4812,"Total","Admin0","Week","WHOWPRO-ALL-2023-W01-01"
"PHILIPPINES",NA,NA,"PHILIPPINES","PHL",196,"PHL",NA,"2022-05-22","2022-05-28",2022,5167,"Total","Admin0","Week","WHOWPRO-ALL-2023-W01-01"
"PHILIPPINES",NA,NA,"PHILIPPINES","PHL",196,"PHL",NA,"2022-05-29","2022-06-04",2022,5557,"Total","Admin0","Week","WHOWPRO-ALL-2023-W01-01"
"PHILIPPINES",NA,NA,"PHILIPPINES","PHL",196,"PHL",NA,"2022-06-05","2022-06-11",2022,6626,"Total","Admin0","Week","WHOWPRO-ALL-2023-W01-01"
"PHILIPPINES",NA,NA,"PHILIPPINES","PHL",196,"PHL",NA,"2022-06-12","2022-06-18",2022,7409,"Total","Admin0","Week","WHOWPRO-ALL-2023-W01-01"
"PHILIPPINES",NA,NA,"PHILIPPINES","PHL",196,"PHL",NA,"2022-06-19","2022-06-25",2022,8692,"Total","Admin0","Week","WHOWPRO-ALL-2023-W01-01"
"PHILIPPINES",NA,NA,"PHILIPPINES","PHL",196,"PHL",NA,"2022-06-26","2022-07-02",2022,8546,"Total","Admin0","Week","WHOWPRO-ALL-2023-W01-01"
"PHILIPPINES",NA,NA,"PHILIPPINES","PHL",196,"PHL",NA,"2022-07-03","2022-07-09",2022,9579,"Total","Admin0","Week","WHOWPRO-ALL-2023-W01-01"
"PHILIPPINES",NA,NA,"PHILIPPINES","PHL",196,"PHL",NA,"2022-07-10","2022-07-16",2022,10541,"Total","Admin0","Week","WHOWPRO-ALL-2023-W01-01"
"PHILIPPINES",NA,NA,"PHILIPPINES","PHL",196,"PHL",NA,"2022-07-17","2022-07-23",2022,9931,"Total","Admin0","Week","WHOWPRO-ALL-2023-W01-01"
"PHILIPPINES",NA,NA,"PHILIPPINES","PHL",196,"PHL",NA,"2022-07-24","2022-07-30",2022,9107,"Total","Admin0","Week","WHOWPRO-ALL-2023-W01-01"
"PHILIPPINES",NA,NA,"PHILIPPINES","PHL",196,"PHL",NA,"2022-07-31","2022-08-06",2022,9104,"Total","Admin0","Week","WHOWPRO-ALL-2023-W01-01"
"PHILIPPINES",NA,NA,"PHILIPPINES","PHL",196,"PHL",NA,"2022-08-07","2022-08-13",2022,9245,"Total","Admin0","Week","WHOWPRO-ALL-2023-W01-01"
"PHILIPPINES",NA,NA,"PHILIPPINES","PHL",196,"PHL",NA,"2022-08-14","2022-08-20",2022,8420,"Total","Admin0","Week","WHOWPRO-ALL-2023-W01-01"
"PHILIPPINES",NA,NA,"PHILIPPINES","PHL",196,"PHL",NA,"2022-08-21","2022-08-27",2022,7525,"Total","Admin0","Week","WHOWPRO-ALL-2023-W01-01"
"PHILIPPINES",NA,NA,"PHILIPPINES","PHL",196,"PHL",NA,"2022-08-28","2022-09-03",2022,7237,"Total","Admin0","Week","WHOWPRO-ALL-2023-W01-01"
"PHILIPPINES",NA,NA,"PHILIPPINES","PHL",196,"PHL",NA,"2022-09-04","2022-09-10",2022,7305,"Total","Admin0","Week","WHOWPRO-ALL-2023-W01-01"
"PHILIPPINES",NA,NA,"PHILIPPINES","PHL",196,"PHL",NA,"2022-09-11","2022-09-17",2022,6410,"Total","Admin0","Week","WHOWPRO-ALL-2023-W01-01"
"PHILIPPINES",NA,NA,"PHILIPPINES","PHL",196,"PHL",NA,"2022-09-18","2022-09-24",2022,5550,"Total","Admin0","Week","WHOWPRO-ALL-2023-W01-01"
"PHILIPPINES",NA,NA,"PHILIPPINES","PHL",196,"PHL",NA,"2022-09-25","2022-10-01",2022,4976,"Total","Admin0","Week","WHOWPRO-ALL-2023-W01-01"
"PHILIPPINES",NA,NA,"PHILIPPINES","PHL",196,"PHL",NA,"2022-10-02","2022-10-08",2022,3866,"Total","Admin0","Week","WHOWPRO-ALL-2023-W01-01"
"PHILIPPINES",NA,NA,"PHILIPPINES","PHL",196,"PHL",NA,"2022-10-09","2022-10-15",2022,3435,"Total","Admin0","Week","WHOWPRO-ALL-2023-W01-01"
"PHILIPPINES",NA,NA,"PHILIPPINES","PHL",196,"PHL",NA,"2022-10-16","2022-10-22",2022,3825,"Total","Admin0","Week","WHOWPRO-ALL-2023-W01-01"
"PHILIPPINES",NA,NA,"PHILIPPINES","PHL",196,"PHL",NA,"2022-10-23","2022-10-29",2022,3501,"Total","Admin0","Week","WHOWPRO-ALL-2023-W01-01"
"PHILIPPINES",NA,NA,"PHILIPPINES","PHL",196,"PHL",NA,"2022-10-30","2022-11-05",2022,3570,"Total","Admin0","Week","WHOWPRO-ALL-2023-W01-01"
"PHILIPPINES",NA,NA,"PHILIPPINES","PHL",196,"PHL",NA,"2022-11-06","2022-11-12",2022,3781,"Total","Admin0","Week","WHOWPRO-ALL-2023-W01-01"
"PHILIPPINES",NA,NA,"PHILIPPINES","PHL",196,"PHL",NA,"2022-11-13","2022-11-19",2022,3457,"Total","Admin0","Week","WHOWPRO-ALL-2023-W01-01"
"PHILIPPINES",NA,NA,"PHILIPPINES","PHL",196,"PHL",NA,"2022-11-20","2022-11-26",2022,3097,"Total","Admin0","Week","WHOWPRO-ALL-2023-W01-01"
"PHILIPPINES",NA,NA,"PHILIPPINES","PHL",196,"PHL",NA,"2022-11-27","2022-12-03",2022,2166,"Total","Admin0","Week","WHOWPRO-ALL-2023-W01-01"
"PHILIPPINES",NA,NA,"PHILIPPINES","PHL",196,"PHL",NA,"2022-12-04","2022-12-10",2022,485,"Total","Admin0","Week","WHOWPRO-ALL-2023-W01-01"
